"PointID","x","y","Adjoint_Density","Adjoint_Momentum_x","Adjoint_Momentum_y","Adjoint_Energy","Sensitivity_x","Sensitivity_y","Surface_Sensitivity"
25, 9.853970408439640e-001, 9.428599150851370e-004, -1.876476069580442e+002, 1.000851652499744e+000, -9.132756551970059e-004, -1.061427254936806e-003, 0.000000000000000e+000, 0.000000000000000e+000, 2.137002143362738e+000
51, 9.695732593536380e-001, 1.489007263444360e-003, -1.497549748507879e+002, 1.000851652499744e+000, -9.132756551970059e-004, -6.469570891459314e-004, 0.000000000000000e+000, 0.000000000000000e+000, 7.896255633409601e-001
77, 9.526804089546200e-001, 1.679251203313470e-003, -1.082109819622460e+002, 1.000851652499744e+000, -9.132756551970059e-004, -6.351293981798208e-004, 0.000000000000000e+000, 0.000000000000000e+000, 3.183969387399194e-001
103, 9.349957108497620e-001, 1.511327689513560e-003, -6.758662237225981e+001, 1.000851652499744e+000, -9.132756551970059e-004, -6.741233157924622e-004, 0.000000000000000e+000, 0.000000000000000e+000, 1.202361091711378e-001
129, 9.168222546577450e-001, 9.227616828866300e-004, -3.034936993664816e+001, 1.000851652499744e+000, -9.132756551970059e-004, -7.212713516488065e-004, 0.000000000000000e+000, 0.000000000000000e+000, 3.199248969166717e-002
155, 8.983380794525150e-001, 8.054462341533510e-006, -5.870658716750575e-001, 1.000851652499744e+000, -9.132756551970059e-004, -7.740383738996056e-004, 0.000000000000000e+000, 0.000000000000000e+000, -3.888940239953149e-003
181, 8.797067403793331e-001, -1.210561604239050e-003, 1.946474452994475e+001, 1.000851652499744e+000, -9.132756551970059e-004, -8.106977801408461e-004, 0.000000000000000e+000, 0.000000000000000e+000, -1.682525196924186e-002
207, 8.610174655914310e-001, -2.686113817617300e-003, 2.895415882844559e+001, 1.000851652499744e+000, -9.132756551970059e-004, -8.211538572088169e-004, 0.000000000000000e+000, 0.000000000000000e+000, -1.986377764927080e-002
233, 8.422674536705020e-001, -4.354327917099000e-003, 2.858202604801994e+001, 1.000851652499744e+000, -9.132756551970059e-004, -8.057965008275820e-004, 0.000000000000000e+000, 0.000000000000000e+000, -1.854962646603093e-002
259, 8.235722184181210e-001, -6.217850837856530e-003, 2.068991799924816e+001, 1.000851652499744e+000, -9.132756551970059e-004, -7.704489953788671e-004, 0.000000000000000e+000, 0.000000000000000e+000, -1.584895218900340e-002
285, 8.049457669258120e-001, -8.241767995059490e-003, 8.529077535853160e+000, 1.000851652499744e+000, -9.132756551970059e-004, -7.233377172184843e-004, 0.000000000000000e+000, 0.000000000000000e+000, -1.292412010801221e-002
311, 7.863141298294070e-001, -1.036873925477270e-002, -4.713814041229185e+000, 1.000851652499744e+000, -9.132756551970059e-004, -6.747739390484397e-004, 0.000000000000000e+000, 0.000000000000000e+000, -1.005181046572439e-002
337, 7.678796052932740e-001, -1.264218706637620e-002, -1.654904038764177e+001, 1.000851652499744e+000, -9.132756551970059e-004, -6.319689093980466e-004, 0.000000000000000e+000, 0.000000000000000e+000, -7.759031259030325e-003
363, 7.495508193969730e-001, -1.500672101974490e-002, -2.564748935301571e+001, 1.000851652499744e+000, -9.132756551970059e-004, -5.982193212820379e-004, 0.000000000000000e+000, 0.000000000000000e+000, -6.012418655817399e-003
389, 7.313483357429500e-001, -1.744982041418550e-002, -3.177431201840528e+001, 1.000851652499744e+000, -9.132756551970059e-004, -5.747733105239460e-004, 0.000000000000000e+000, 0.000000000000000e+000, -4.566951236892542e-003
415, 7.132214307785030e-001, -1.993851736187930e-002, -3.541125859601497e+001, 1.000851652499744e+000, -9.132756551970059e-004, -5.597685884308765e-004, 0.000000000000000e+000, 0.000000000000000e+000, -3.347972761398324e-003
441, 6.951977014541630e-001, -2.246599644422530e-002, -3.735816636119077e+001, 1.000851652499744e+000, -9.132756551970059e-004, -5.508496924592712e-004, 0.000000000000000e+000, 0.000000000000000e+000, -2.386413142934576e-003
467, 6.773055195808410e-001, -2.502630092203620e-002, -3.845860191484172e+001, 1.000851652499744e+000, -9.132756551970059e-004, -5.447627659011239e-004, 0.000000000000000e+000, 0.000000000000000e+000, -1.560096427093257e-003
493, 6.594728827476500e-001, -2.758665196597580e-002, -3.937578534251438e+001, 1.000851652499744e+000, -9.132756551970059e-004, -5.398227619835081e-004, 0.000000000000000e+000, 0.000000000000000e+000, -6.196333139753216e-004
519, 6.418011188507080e-001, -3.016339242458340e-002, -4.028537402611591e+001, 1.000851652499744e+000, -9.132756551970059e-004, -5.363187152716646e-004, 0.000000000000000e+000, 0.000000000000000e+000, -2.740195754208294e-004
545, 6.243042349815370e-001, -3.275020420551300e-002, -4.126964128247449e+001, 1.000851652499744e+000, -9.132756551970059e-004, -5.312032211515197e-004, 0.000000000000000e+000, 0.000000000000000e+000, -4.460835428348024e-004
571, 6.065399646759030e-001, -3.521266952157020e-002, -4.264878697093427e+001, 1.000851652499744e+000, -9.132756551970059e-004, -5.252218132867901e-004, 0.000000000000000e+000, 0.000000000000000e+000, 4.249678498505996e-004
597, 5.888153314590450e-001, -3.762762248516080e-002, -4.431495328911055e+001, 1.000851652499744e+000, -9.132756551970059e-004, -5.213076755118001e-004, 0.000000000000000e+000, 0.000000000000000e+000, 1.596230367072595e-003
623, 5.713157057762150e-001, -4.003950580954550e-002, -4.594724925795205e+001, 1.000851652499744e+000, -9.132756551970059e-004, -5.163856435110572e-004, 0.000000000000000e+000, 0.000000000000000e+000, 1.734826996894078e-003
649, 5.538190603256230e-001, -4.237503558397290e-002, -4.764484757927872e+001, 1.000851652499744e+000, -9.132756551970059e-004, -5.105292757196092e-004, 0.000000000000000e+000, 0.000000000000000e+000, 1.740391840039312e-003
675, 5.363336801528930e-001, -4.462694749236110e-002, -4.951268476830440e+001, 1.000851652499744e+000, -9.132756551970059e-004, -5.053622827591374e-004, 0.000000000000000e+000, 0.000000000000000e+000, 2.075942577492123e-003
701, 5.188096761703490e-001, -4.676951467990880e-002, -5.151834937537772e+001, 1.000851652499744e+000, -9.132756551970059e-004, -5.001092013665725e-004, 0.000000000000000e+000, 0.000000000000000e+000, 2.431191369183421e-003
727, 5.012295246124270e-001, -4.878489673137660e-002, -5.368032335216567e+001, 1.000851652499744e+000, -9.132756551970059e-004, -4.947560377139065e-004, 0.000000000000000e+000, 0.000000000000000e+000, 2.862414169592138e-003
753, 4.835794866085050e-001, -5.065427348017690e-002, -5.598806649436274e+001, 1.000851652499744e+000, -9.132756551970059e-004, -4.895867750599234e-004, 0.000000000000000e+000, 0.000000000000000e+000, 3.277564557560636e-003
779, 4.658685922622680e-001, -5.236319825053220e-002, -5.839138691333103e+001, 1.000851652499744e+000, -9.132756551970059e-004, -4.844094265863359e-004, 0.000000000000000e+000, 0.000000000000000e+000, 3.458114707364696e-003
805, 4.480717480182650e-001, -5.388031527400020e-002, -6.091587203794509e+001, 1.000851652499744e+000, -9.132756551970059e-004, -4.789626534846257e-004, 0.000000000000000e+000, 0.000000000000000e+000, 3.653789903039232e-003
831, 4.301885962486270e-001, -5.517242103815080e-002, -6.358557730908419e+001, 1.000851652499744e+000, -9.132756551970059e-004, -4.738773641708434e-004, 0.000000000000000e+000, 0.000000000000000e+000, 4.105730785735958e-003
857, 4.122794568538670e-001, -5.622962117195130e-002, -6.624173305726374e+001, 1.000851652499744e+000, -9.132756551970059e-004, -4.695564804767368e-004, 0.000000000000000e+000, 0.000000000000000e+000, 4.252302677628751e-003
883, 3.944020271301270e-001, -5.703297257423400e-002, -6.874673479303722e+001, 1.000851652499744e+000, -9.132756551970059e-004, -4.652102926960166e-004, 0.000000000000000e+000, 0.000000000000000e+000, 4.030157593751948e-003
909, 3.766198158264160e-001, -5.754299089312550e-002, -7.112263766384102e+001, 1.000851652499744e+000, -9.132756551970059e-004, -4.614992168477728e-004, 0.000000000000000e+000, 0.000000000000000e+000, 4.140481324353469e-003
935, 3.590588271617890e-001, -5.778745934367180e-002, -7.336176949425845e+001, 1.000851652499744e+000, -9.132756551970059e-004, -4.589475919645654e-004, 0.000000000000000e+000, 0.000000000000000e+000, 4.757155487868133e-003
961, 3.418258726596830e-001, -5.776616930961610e-002, -7.534310323793844e+001, 1.000851652499744e+000, -9.132756551970059e-004, -4.577695447452221e-004, 0.000000000000000e+000, 0.000000000000000e+000, 5.365100255791681e-003
987, 3.249974250793460e-001, -5.754758045077320e-002, -7.690292750802982e+001, 1.000851652499744e+000, -9.132756551970059e-004, -4.576042440313036e-004, 0.000000000000000e+000, 0.000000000000000e+000, 5.373405464127797e-003
1013, 3.086399734020230e-001, -5.713268741965290e-002, -7.807905510891489e+001, 1.000851652499744e+000, -9.132756551970059e-004, -4.577287050354013e-004, 0.000000000000000e+000, 0.000000000000000e+000, 5.266660918226036e-003
1039, 2.927811741828920e-001, -5.656399205327030e-002, -7.898184595317809e+001, 1.000851652499744e+000, -9.132756551970059e-004, -4.591092603863500e-004, 0.000000000000000e+000, 0.000000000000000e+000, 5.471963209775595e-003
1065, 2.774220108985900e-001, -5.587914213538170e-002, -7.954046769589232e+001, 1.000851652499744e+000, -9.132756551970059e-004, -4.616342695661500e-004, 0.000000000000000e+000, 0.000000000000000e+000, 5.423173690611276e-003
1091, 2.625653147697450e-001, -5.509970337152480e-002, -7.970189168349532e+001, 1.000851652499744e+000, -9.132756551970059e-004, -4.645726402807197e-004, 0.000000000000000e+000, 0.000000000000000e+000, 4.896331778808590e-003
1117, 2.482267022132870e-001, -5.422909930348400e-002, -7.961388120382155e+001, 1.000851652499744e+000, -9.132756551970059e-004, -4.676441620705452e-004, 0.000000000000000e+000, 0.000000000000000e+000, 4.520558540743429e-003
1143, 2.344165146350860e-001, -5.327359586954120e-002, -7.948081455107653e+001, 1.000851652499744e+000, -9.132756551970059e-004, -4.713152983653893e-004, 0.000000000000000e+000, 0.000000000000000e+000, 4.654958077872580e-003
1169, 2.210974693298340e-001, -5.226382613182070e-002, -7.934711059627723e+001, 1.000851652499744e+000, -9.132756551970059e-004, -4.755649049532368e-004, 0.000000000000000e+000, 0.000000000000000e+000, 4.619313929870122e-003
1195, 2.082438766956330e-001, -5.121721699833870e-002, -7.931832364243856e+001, 1.000851652499744e+000, -9.132756551970059e-004, -4.785510407645996e-004, 0.000000000000000e+000, 0.000000000000000e+000, 3.843856904877762e-003
1221, 1.958884000778200e-001, -5.011982470750810e-002, -7.971190033749058e+001, 1.000851652499744e+000, -9.132756551970059e-004, -4.793200743688218e-004, 0.000000000000000e+000, 0.000000000000000e+000, 2.393817312181713e-003
1247, 1.840233504772190e-001, -4.897923022508620e-002, -8.038457690261914e+001, 1.000851652499744e+000, -9.132756551970059e-004, -4.780992780083037e-004, 0.000000000000000e+000, 0.000000000000000e+000, -1.808710972988602e-003
1273, 1.725961565971370e-001, -4.781839996576310e-002, -8.026264275803324e+001, 1.000851652499744e+000, -9.132756551970059e-004, -4.747263509453733e-004, 0.000000000000000e+000, 0.000000000000000e+000, -1.199542084686902e-002
1299, 1.616173982620240e-001, -4.663335904479030e-002, -7.829071569490655e+001, 1.000851652499744e+000, -9.132756551970059e-004, -4.708131701307986e-004, 0.000000000000000e+000, 0.000000000000000e+000, -2.664352972294324e-002
1325, 1.511152982711790e-001, -4.541423544287680e-002, -7.455415022411232e+001, 1.000851652499744e+000, -9.132756551970059e-004, -4.695247444884171e-004, 0.000000000000000e+000, 0.000000000000000e+000, -4.093960430790698e-002
1351, 1.410477757453920e-001, -4.417625442147250e-002, -7.047112192787606e+001, 1.000851652499744e+000, -9.132756551970059e-004, -4.696583759123612e-004, 0.000000000000000e+000, 0.000000000000000e+000, -5.200843499045341e-002
1377, 1.314679384231570e-001, -4.290277510881420e-002, -6.690894696533823e+001, 1.000851652499744e+000, -9.132756551970059e-004, -4.705245420131927e-004, 0.000000000000000e+000, 0.000000000000000e+000, -5.920417227050812e-002
1403, 1.222792565822600e-001, -4.162334650754930e-002, -6.406064229375828e+001, 1.000851652499744e+000, -9.132756551970059e-004, -4.726215673556245e-004, 0.000000000000000e+000, 0.000000000000000e+000, -6.381537808543275e-002
1429, 1.134960949420930e-001, -4.033208265900610e-002, -6.192527466515421e+001, 1.000851652499744e+000, -9.132756551970059e-004, -4.739120391642097e-004, 0.000000000000000e+000, 0.000000000000000e+000, -6.586480556414930e-002
1455, 1.051684617996220e-001, -3.901563584804530e-002, -6.048628575979510e+001, 1.000851652499744e+000, -9.132756551970059e-004, -4.753926776994368e-004, 0.000000000000000e+000, 0.000000000000000e+000, -6.578649054256189e-002
1481, 9.719923138618471e-002, -3.769797086715700e-002, -5.956147200499153e+001, 1.000851652499744e+000, -9.132756551970059e-004, -4.773486601327607e-004, 0.000000000000000e+000, 0.000000000000000e+000, -6.470141543416869e-002
1507, 8.964005112648010e-002, -3.636518120765690e-002, -5.902998157822064e+001, 1.000851652499744e+000, -9.132756551970059e-004, -4.784823314402333e-004, 0.000000000000000e+000, 0.000000000000000e+000, -6.279078493372563e-002
1533, 8.247101306915280e-002, -3.502155095338820e-002, -5.884990755067492e+001, 1.000851652499744e+000, -9.132756551970059e-004, -4.797535573924556e-004, 0.000000000000000e+000, 0.000000000000000e+000, -6.031224424571537e-002
1559, 7.564741373062130e-002, -3.367514535784720e-002, -5.893673070627283e+001, 1.000851652499744e+000, -9.132756551970059e-004, -4.807691359597741e-004, 0.000000000000000e+000, 0.000000000000000e+000, -5.743767633900741e-002
1585, 6.917616724967959e-002, -3.232324495911600e-002, -5.921434001307122e+001, 1.000851652499744e+000, -9.132756551970059e-004, -4.818785613926344e-004, 0.000000000000000e+000, 0.000000000000000e+000, -5.460300628211293e-002
1611, 6.298619508743290e-002, -3.097752667963500e-002, -5.956495028549776e+001, 1.000851652499744e+000, -9.132756551970059e-004, -4.833336619311092e-004, 0.000000000000000e+000, 0.000000000000000e+000, -5.226630250134992e-002
1637, 5.711802840232850e-002, -2.962872758507730e-002, -5.999313746808606e+001, 1.000851652499744e+000, -9.132756551970059e-004, -4.835631120803737e-004, 0.000000000000000e+000, 0.000000000000000e+000, -4.968343505366631e-002
1663, 5.161416530609130e-002, -2.826815843582150e-002, -6.060902915714806e+001, 1.000851652499744e+000, -9.132756551970059e-004, -4.835967624206793e-004, 0.000000000000000e+000, 0.000000000000000e+000, -4.664499957533796e-002
1689, 4.642483592033390e-002, -2.690353803336620e-002, -6.142414090408710e+001, 1.000851652499744e+000, -9.132756551970059e-004, -4.835504872821304e-004, 0.000000000000000e+000, 0.000000000000000e+000, -4.334679418457727e-002
1715, 4.156750440597530e-002, -2.553076110780240e-002, -6.242012572351926e+001, 1.000851652499744e+000, -9.132756551970059e-004, -4.832232046835278e-004, 0.000000000000000e+000, 0.000000000000000e+000, -3.990497492909593e-002
1741, 3.698146343231200e-002, -2.415761165320870e-002, -6.352848597193282e+001, 1.000851652499744e+000, -9.132756551970059e-004, -4.832220887542633e-004, 0.000000000000000e+000, 0.000000000000000e+000, -3.671115308759680e-002
1767, 3.265759348869320e-002, -2.278346754610540e-002, -6.468140846576920e+001, 1.000851652499744e+000, -9.132756551970059e-004, -4.827849526744602e-004, 0.000000000000000e+000, 0.000000000000000e+000, -3.370643524276384e-002
1793, 2.861636877059940e-002, -2.140477113425730e-002, -6.597243565186207e+001, 1.000851652499744e+000, -9.132756551970059e-004, -4.812643229821659e-004, 0.000000000000000e+000, 0.000000000000000e+000, -3.051869436077994e-002
1819, 2.490270137786870e-002, -2.001537941396240e-002, -6.751509415433976e+001, 1.000851652499744e+000, -9.132756551970059e-004, -4.797209932245184e-004, 0.000000000000000e+000, 0.000000000000000e+000, -2.713188676547371e-002
1845, 2.143678069114690e-002, -1.862346194684510e-002, -6.922119379609262e+001, 1.000851652499744e+000, -9.132756551970059e-004, -4.790370102432602e-004, 0.000000000000000e+000, 0.000000000000000e+000, -2.404054034722321e-002
1871, 1.820489764213560e-002, -1.722909882664680e-002, -7.100883794489924e+001, 1.000851652499744e+000, -9.132756551970059e-004, -4.774881921155498e-004, 0.000000000000000e+000, 0.000000000000000e+000, -2.115527578225071e-002
1897, 1.524919271469120e-002, -1.582761853933330e-002, -7.294053677964050e+001, 1.000851652499744e+000, -9.132756551970059e-004, -4.754577238189748e-004, 0.000000000000000e+000, 0.000000000000000e+000, -1.821702324992798e-002
1923, 1.256430149078370e-002, -1.441901084035630e-002, -7.503405914725384e+001, 1.000851652499744e+000, -9.132756551970059e-004, -4.733714832266350e-004, 0.000000000000000e+000, 0.000000000000000e+000, -1.516378502826996e-002
1949, 1.017087697982790e-002, -1.300184894353150e-002, -7.726614549147951e+001, 1.000851652499744e+000, -9.132756551970059e-004, -4.707555951748089e-004, 0.000000000000000e+000, 0.000000000000000e+000, -1.194029830964165e-002
1975, 8.062899112701419e-003, -1.157660502940420e-002, -7.952416446590470e+001, 1.000851652499744e+000, -9.132756551970059e-004, -4.685622223358650e-004, 0.000000000000000e+000, 0.000000000000000e+000, -8.718004178904311e-003
2001, 6.177186965942380e-003, -1.014706678688530e-002, -8.154398981040876e+001, 1.000851652499744e+000, -9.132756551970059e-004, -4.672796505844257e-004, 0.000000000000000e+000, 0.000000000000000e+000, -5.932396107669722e-003
2027, 4.468053579330440e-003, -8.714943192899231e-003, -8.310167160236207e+001, 1.000851652499744e+000, -9.132756551970059e-004, -4.658345048246327e-004, 0.000000000000000e+000, 0.000000000000000e+000, -3.542937806234893e-003
2053, 3.018766641616820e-003, -7.276044692844150e-003, -8.411539885708198e+001, 1.000851652499744e+000, -9.132756551970059e-004, -4.639664450389844e-004, 0.000000000000000e+000, 0.000000000000000e+000, -1.506343198035372e-003
2079, 1.912891864776610e-003, -5.828497931361200e-003, -8.445711767588048e+001, 1.000851652499744e+000, -9.132756551970059e-004, -4.636742062875200e-004, 0.000000000000000e+000, 0.000000000000000e+000, -2.529281813689197e-004
2105, 1.121968030929570e-003, -4.374681971967220e-003, -8.385745650129358e+001, 1.000851652499744e+000, -9.132756551970059e-004, -4.638048405538194e-004, 0.000000000000000e+000, 0.000000000000000e+000, 5.613844565902540e-005
2131, 5.391836166381840e-004, -2.918316749855880e-003, -8.182673731070409e+001, 1.000851652499744e+000, -9.132756551970059e-004, -4.642156396121708e-004, 0.000000000000000e+000, 0.000000000000000e+000, -7.971497147352372e-004
2157, 1.753866672515870e-004, -1.459796912968160e-003, -7.774964929813854e+001, 1.000851652499744e+000, -9.132756551970059e-004, -4.643110378126518e-004, 0.000000000000000e+000, 0.000000000000000e+000, -3.821990451330792e-003
2183, 0.000000000000000e+000, 0.000000000000000e+000, -7.142573622427312e+001, 1.000851652499744e+000, -9.132756551970059e-004, -4.688476155354425e-004, 0.000000000000000e+000, 0.000000000000000e+000, -8.903444824774946e-003
2209, 1.051127910614010e-004, 1.165737863630060e-003, -6.386692222209607e+001, 1.000851652499744e+000, -9.132756551970059e-004, -4.808502061280587e-004, 0.000000000000000e+000, 0.000000000000000e+000, -1.383022135801707e-002
2235, 3.451704978942870e-004, 2.330780262127520e-003, -5.533790101290154e+001, 1.000851652499744e+000, -9.132756551970059e-004, -4.819327141807210e-004, 0.000000000000000e+000, 0.000000000000000e+000, -2.055416611793916e-002
2261, 7.326900959014890e-004, 3.494375152513380e-003, -4.598864626871010e+001, 1.000851652499744e+000, -9.132756551970059e-004, -4.871443268880583e-004, 0.000000000000000e+000, 0.000000000000000e+000, -3.039309859931977e-002
2287, 1.276999711990360e-003, 4.656096920371060e-003, -3.660925840784770e+001, 1.000851652499744e+000, -9.132756551970059e-004, -4.859519176159690e-004, 0.000000000000000e+000, 0.000000000000000e+000, -4.120776916540386e-002
2313, 1.973092555999760e-003, 5.815388169139620e-003, -2.823880356878782e+001, 1.000851652499744e+000, -9.132756551970059e-004, -4.866335362871091e-004, 0.000000000000000e+000, 0.000000000000000e+000, -5.086294942163753e-002
2339, 2.858132123947140e-003, 6.970721762627360e-003, -2.245116869947540e+001, 1.000851652499744e+000, -9.132756551970059e-004, -4.918314565140456e-004, 0.000000000000000e+000, 0.000000000000000e+000, -5.483666764850116e-002
2365, 3.939032554626460e-003, 8.121287450194361e-003, -1.846856680849850e+001, 1.000851652499744e+000, -9.132756551970059e-004, -4.933823653533409e-004, 0.000000000000000e+000, 0.000000000000000e+000, -5.428364329618797e-002
2391, 5.185037851333620e-003, 9.267500601708891e-003, -1.329145143031664e+001, 1.000851652499744e+000, -9.132756551970059e-004, -4.809834416303633e-004, 0.000000000000000e+000, 0.000000000000000e+000, -5.475349148264419e-002
2417, 6.539613008499150e-003, 1.041201036423440e-002, -4.995170131511444e+000, 1.000851652499744e+000, -9.132756551970059e-004, -4.549396665706980e-004, 0.000000000000000e+000, 0.000000000000000e+000, -6.070255230521179e-002
2443, 7.984459400177000e-003, 1.155596133321520e-002, 4.079215433064533e+000, 1.000851652499744e+000, -9.132756551970059e-004, -4.410253401882332e-004, 0.000000000000000e+000, 0.000000000000000e+000, -7.690630415907046e-002
2469, 9.577721357345579e-003, 1.269672065973280e-002, 9.868332831390880e+000, 1.000851652499744e+000, -9.132756551970059e-004, -4.429777057779065e-004, 0.000000000000000e+000, 0.000000000000000e+000, -9.377633427725028e-002
2495, 1.134461164474490e-002, 1.383305341005330e-002, 1.071596391977095e+001, 1.000851652499744e+000, -9.132756551970059e-004, -4.503039645356645e-004, 0.000000000000000e+000, 0.000000000000000e+000, -1.044350322169526e-001
2521, 1.328635215759280e-002, 1.496464014053340e-002, 7.110366239150980e+000, 1.000851652499744e+000, -9.132756551970059e-004, -4.614068093146340e-004, 0.000000000000000e+000, 0.000000000000000e+000, -1.089933286588596e-001
2547, 1.542121171951290e-002, 1.608993858098980e-002, 4.523084464646042e-001, 1.000851652499744e+000, -9.132756551970059e-004, -4.723062741671220e-004, 0.000000000000000e+000, 0.000000000000000e+000, -1.083389854097897e-001
2573, 1.774638891220090e-002, 1.720915734767910e-002, -7.267009502284417e+000, 1.000851652499744e+000, -9.132756551970059e-004, -4.786743174320753e-004, 0.000000000000000e+000, 0.000000000000000e+000, -1.060888168220262e-001
2599, 2.023851871490480e-002, 1.832416467368600e-002, -1.468896228420081e+001, 1.000851652499744e+000, -9.132756551970059e-004, -4.820805310816786e-004, 0.000000000000000e+000, 0.000000000000000e+000, -1.037040627460858e-001
2625, 2.291005849838260e-002, 1.943397335708140e-002, -2.139955921138904e+001, 1.000851652499744e+000, -9.132756551970059e-004, -4.839054161881091e-004, 0.000000000000000e+000, 0.000000000000000e+000, -1.004298287165363e-001
2651, 2.576607465744020e-002, 2.053830586373810e-002, -2.698714491076152e+001, 1.000851652499744e+000, -9.132756551970059e-004, -4.819872670946597e-004, 0.000000000000000e+000, 0.000000000000000e+000, -9.668736903688444e-002
2677, 2.879580855369570e-002, 2.163846604526040e-002, -3.095616999615654e+001, 1.000851652499744e+000, -9.132756551970059e-004, -4.755974258049441e-004, 0.000000000000000e+000, 0.000000000000000e+000, -9.345287894983481e-002
2703, 3.199326992034910e-002, 2.273553423583510e-002, -3.311331799615869e+001, 1.000851652499744e+000, -9.132756551970059e-004, -4.654088897456510e-004, 0.000000000000000e+000, 0.000000000000000e+000, -9.043952489777765e-002
2729, 3.537228703498840e-002, 2.382827177643780e-002, -3.326555657041283e+001, 1.000851652499744e+000, -9.132756551970059e-004, -4.493231396105570e-004, 0.000000000000000e+000, 0.000000000000000e+000, -8.806946423450503e-002
2755, 3.891497850418090e-002, 2.491953969001770e-002, -3.129346508919509e+001, 1.000851652499744e+000, -9.132756551970059e-004, -4.270838265627850e-004, 0.000000000000000e+000, 0.000000000000000e+000, -8.808831618111920e-002
2781, 4.259017109870910e-002, 2.601420320570470e-002, -2.800740185594071e+001, 1.000851652499744e+000, -9.132756551970059e-004, -4.062799812518851e-004, 0.000000000000000e+000, 0.000000000000000e+000, -9.084445023943445e-002
2807, 4.645630717277530e-002, 2.710510604083540e-002, -2.437258912822096e+001, 1.000851652499744e+000, -9.132756551970059e-004, -3.866539526170823e-004, 0.000000000000000e+000, 0.000000000000000e+000, -9.408008049302170e-002
2833, 5.049252510070800e-002, 2.819604612886910e-002, -2.042420902270638e+001, 1.000851652499744e+000, -9.132756551970059e-004, -3.638163150580174e-004, 0.000000000000000e+000, 0.000000000000000e+000, -9.686131391114633e-002
2859, 5.469727516174320e-002, 2.928791008889680e-002, -1.600155841007664e+001, 1.000851652499744e+000, -9.132756551970059e-004, -3.389894314927519e-004, 0.000000000000000e+000, 0.000000000000000e+000, -9.999441384924773e-002
2885, 5.909299850463870e-002, 3.037821687757970e-002, -1.096709766504300e+001, 1.000851652499744e+000, -9.132756551970059e-004, -3.098966253259189e-004, 0.000000000000000e+000, 0.000000000000000e+000, -1.033257077485545e-001
2911, 6.365954875946039e-002, 3.147093951702120e-002, -5.195570392868705e+000, 1.000851652499744e+000, -9.132756551970059e-004, -2.763523901474478e-004, 0.000000000000000e+000, 0.000000000000000e+000, -1.079645964844766e-001
2937, 6.838649511337280e-002, 3.256905823946000e-002, 7.912375739214462e-001, 1.000851652499744e+000, -9.132756551970059e-004, -2.435914074724189e-004, 0.000000000000000e+000, 0.000000000000000e+000, -1.149620505482163e-001
2963, 7.332068681716920e-002, 3.366525098681450e-002, 6.430090290981760e+000, 1.000851652499744e+000, -9.132756551970059e-004, -2.096589951373502e-004, 0.000000000000000e+000, 0.000000000000000e+000, -1.225781587527500e-001
2989, 7.843562960624691e-002, 3.476550802588460e-002, 1.157101580047681e+001, 1.000851652499744e+000, -9.132756551970059e-004, -1.729357981591724e-004, 0.000000000000000e+000, 0.000000000000000e+000, -1.303669964167993e-001
3015, 8.375442028045650e-002, 3.586603328585620e-002, 1.588603262193867e+001, 1.000851652499744e+000, -9.132756551970059e-004, -1.353764470890467e-004, 0.000000000000000e+000, 0.000000000000000e+000, -1.397481616245614e-001
3041, 8.928063511848450e-002, 3.696753084659580e-002, 1.884850205844999e+001, 1.000851652499744e+000, -9.132756551970059e-004, -9.698728256517005e-005, 0.000000000000000e+000, 0.000000000000000e+000, -1.497433737737260e-001
3067, 9.501701593399051e-002, 3.806984424591060e-002, 1.985085953854825e+001, 1.000851652499744e+000, -9.132756551970059e-004, -5.947478732157009e-005, 0.000000000000000e+000, 0.000000000000000e+000, -1.602314119909550e-001
3093, 1.010102331638340e-001, 3.916422650218010e-002, 1.859637437458560e+001, 1.000851652499744e+000, -9.132756551970059e-004, -1.809310404687684e-005, 0.000000000000000e+000, 0.000000000000000e+000, -1.690860430335511e-001
3119, 1.072062253952030e-001, 4.026277735829350e-002, 1.481238917608759e+001, 1.000851652499744e+000, -9.132756551970059e-004, 2.623829691163783e-005, 0.000000000000000e+000, 0.000000000000000e+000, -1.764897674269572e-001
3145, 1.136637628078460e-001, 4.135302454233170e-002, 7.949307891819021e+000, 1.000851652499744e+000, -9.132756551970059e-004, 7.384417464993208e-005, 0.000000000000000e+000, 0.000000000000000e+000, -1.820323336372114e-001
3171, 1.203565001487730e-001, 4.244164749979970e-002, -2.393330613826802e+000, 1.000851652499744e+000, -9.132756551970059e-004, 1.278141985272402e-004, 0.000000000000000e+000, 0.000000000000000e+000, -1.848326895471165e-001
3197, 1.272729039192200e-001, 4.353231564164160e-002, -1.704908348125318e+001, 1.000851652499744e+000, -9.132756551970059e-004, 1.817996619011626e-004, 0.000000000000000e+000, 0.000000000000000e+000, -1.867234960864689e-001
3223, 1.344466507434840e-001, 4.461721703410150e-002, -3.729979145786456e+001, 1.000851652499744e+000, -9.132756551970059e-004, 2.321240633680996e-004, 0.000000000000000e+000, 0.000000000000000e+000, -1.853608993172835e-001
3249, 1.419069468975070e-001, 4.568861797451970e-002, -6.341387990659225e+001, 1.000851652499744e+000, -9.132756551970059e-004, 2.819119576105031e-004, 0.000000000000000e+000, 0.000000000000000e+000, -1.759916235063982e-001
3275, 1.496536135673520e-001, 4.674641042947770e-002, -9.403089210782439e+001, 1.000851652499744e+000, -9.132756551970059e-004, 3.313873958058481e-004, 0.000000000000000e+000, 0.000000000000000e+000, -1.584288200651177e-001
3301, 1.576814949512480e-001, 4.779172688722610e-002, -1.266137733525074e+002, 1.000851652499744e+000, -9.132756551970059e-004, 3.735081094633482e-004, 0.000000000000000e+000, 0.000000000000000e+000, -1.326560038780994e-001
3327, 1.660248339176180e-001, 4.881371930241580e-002, -1.554145491406958e+002, 1.000851652499744e+000, -9.132756551970059e-004, 4.018683696988209e-004, 0.000000000000000e+000, 0.000000000000000e+000, -9.819345766412238e-002
3353, 1.746245622634890e-001, 4.983090236783030e-002, -1.737170713281382e+002, 1.000851652499744e+000, -9.132756551970059e-004, 4.096750925253252e-004, 0.000000000000000e+000, 0.000000000000000e+000, -6.400333115262603e-002
3379, 1.835020482540130e-001, 5.083692073822020e-002, -1.803062044330254e+002, 1.000851652499744e+000, -9.132756551970059e-004, 3.978038329604766e-004, 0.000000000000000e+000, 0.000000000000000e+000, -3.811449693711367e-002
3405, 1.926559209823610e-001, 5.183169245719910e-002, -1.786557642549171e+002, 1.000851652499744e+000, -9.132756551970059e-004, 3.784233238456638e-004, 0.000000000000000e+000, 0.000000000000000e+000, -2.439482966857055e-002
3431, 2.020680904388430e-001, 5.282276868820190e-002, -1.735702383123183e+002, 1.000851652499744e+000, -9.132756551970059e-004, 3.589625813111922e-004, 0.000000000000000e+000, 0.000000000000000e+000, -2.122481627089986e-002
3457, 2.117756903171540e-001, 5.379525944590570e-002, -1.678452364007602e+002, 1.000851652499744e+000, -9.132756551970059e-004, 3.420227041909922e-004, 0.000000000000000e+000, 0.000000000000000e+000, -2.546093953966826e-002
3483, 2.217475175857540e-001, 5.476229265332220e-002, -1.621003720578578e+002, 1.000851652499744e+000, -9.132756551970059e-004, 3.235257385611172e-004, 0.000000000000000e+000, 0.000000000000000e+000, -3.568989933148312e-002
3509, 2.320270836353300e-001, 5.570466443896290e-002, -1.567957564295579e+002, 1.000851652499744e+000, -9.132756551970059e-004, 2.974253448836653e-004, 0.000000000000000e+000, 0.000000000000000e+000, -4.911297130175582e-002
3535, 2.426079511642460e-001, 5.662427470088010e-002, -1.525534219600953e+002, 1.000851652499744e+000, -9.132756551970059e-004, 2.605777585822374e-004, 0.000000000000000e+000, 0.000000000000000e+000, -6.082964754784900e-002
3561, 2.535301446914670e-001, 5.749983713030820e-002, -1.496545670738148e+002, 1.000851652499744e+000, -9.132756551970059e-004, 2.130645915628051e-004, 0.000000000000000e+000, 0.000000000000000e+000, -6.533312209988407e-002
3587, 2.647941112518310e-001, 5.832639336586000e-002, -1.474303714421449e+002, 1.000851652499744e+000, -9.132756551970059e-004, 1.608873854435248e-004, 0.000000000000000e+000, 0.000000000000000e+000, -5.977665560047898e-002
3613, 2.764054536819460e-001, 5.909530073404310e-002, -1.443630118687938e+002, 1.000851652499744e+000, -9.132756551970059e-004, 1.110164320251797e-004, 0.000000000000000e+000, 0.000000000000000e+000, -4.821502396057542e-002
3639, 2.883291840553280e-001, 5.982166528701780e-002, -1.392284353349754e+002, 1.000851652499744e+000, -9.132756551970059e-004, 6.669101378145783e-005, 0.000000000000000e+000, 0.000000000000000e+000, -3.761916807415745e-002
3665, 3.005529642105100e-001, 6.050977110862730e-002, -1.319660731813634e+002, 1.000851652499744e+000, -9.132756551970059e-004, 2.574027292532597e-005, 0.000000000000000e+000, 0.000000000000000e+000, -3.173438154849106e-002
3691, 3.130726814270020e-001, 6.115816161036490e-002, -1.232788463530356e+002, 1.000851652499744e+000, -9.132756551970059e-004, -1.501903243940207e-005, 0.000000000000000e+000, 0.000000000000000e+000, -3.031234313412257e-002
3717, 3.258830904960630e-001, 6.176609918475150e-002, -1.138292839642894e+002, 1.000851652499744e+000, -9.132756551970059e-004, -5.854562226511317e-005, 0.000000000000000e+000, 0.000000000000000e+000, -3.123892279123756e-002
3743, 3.389919400215150e-001, 6.232085451483730e-002, -1.038680277491480e+002, 1.000851652499744e+000, -9.132756551970059e-004, -1.050388218549598e-004, 0.000000000000000e+000, 0.000000000000000e+000, -3.281493743427429e-002
3769, 3.523894548416140e-001, 6.282301247119899e-002, -9.342036713916315e+001, 1.000851652499744e+000, -9.132756551970059e-004, -1.541043270366945e-004, 0.000000000000000e+000, 0.000000000000000e+000, -3.479852204346903e-002
3795, 3.660713136196140e-001, 6.326690316200261e-002, -8.286652635835166e+001, 1.000851652499744e+000, -9.132756551970059e-004, -2.071089137445051e-004, 0.000000000000000e+000, 0.000000000000000e+000, -3.581481597340501e-002
3821, 3.800389170646670e-001, 6.363599747419360e-002, -7.259364970028938e+001, 1.000851652499744e+000, -9.132756551970059e-004, -2.619509328602765e-004, 0.000000000000000e+000, 0.000000000000000e+000, -3.390365551299655e-002
3847, 3.942807912826540e-001, 6.392400711774830e-002, -6.239741813401177e+001, 1.000851652499744e+000, -9.132756551970059e-004, -3.141015932115219e-004, 0.000000000000000e+000, 0.000000000000000e+000, -3.055455698313924e-002
3873, 4.087766110897060e-001, 6.414406746625900e-002, -5.211652930977385e+001, 1.000851652499744e+000, -9.132756551970059e-004, -3.625722132217332e-004, 0.000000000000000e+000, 0.000000000000000e+000, -2.875191753074604e-002
3899, 4.235162138938900e-001, 6.428562104702000e-002, -4.219507833434084e+001, 1.000851652499744e+000, -9.132756551970059e-004, -4.083125772407774e-004, 0.000000000000000e+000, 0.000000000000000e+000, -2.948494239005589e-002
3925, 4.384851455688480e-001, 6.435070931911470e-002, -3.335001937434134e+001, 1.000851652499744e+000, -9.132756551970059e-004, -4.517774858016930e-004, 0.000000000000000e+000, 0.000000000000000e+000, -3.194319791856471e-002
3951, 4.536674916744230e-001, 6.432612985372541e-002, -2.639562163048486e+001, 1.000851652499744e+000, -9.132756551970059e-004, -4.931489937344737e-004, 0.000000000000000e+000, 0.000000000000000e+000, -3.408049921098929e-002
3977, 4.690417945384980e-001, 6.418871134519580e-002, -2.252307553543039e+001, 1.000851652499744e+000, -9.132756551970059e-004, -5.283337938828868e-004, 0.000000000000000e+000, 0.000000000000000e+000, -3.278559675011697e-002
4003, 4.845884144306180e-001, 6.395482271909710e-002, -2.524882562077084e+001, 1.000851652499744e+000, -9.132756551970059e-004, -5.631742145681328e-004, 0.000000000000000e+000, 0.000000000000000e+000, -1.014932488573652e-002
4029, 5.002762079238890e-001, 6.360501796007161e-002, -3.986876253989963e+001, 1.000851652499744e+000, -9.132756551970059e-004, -6.033449736528072e-004, 0.000000000000000e+000, 0.000000000000000e+000, 7.522378875129924e-002
4055, 5.160748958587650e-001, 6.313349306583400e-002, -6.498008037885492e+001, 1.000851652499744e+000, -9.132756551970059e-004, -6.293389577501144e-004, 0.000000000000000e+000, 0.000000000000000e+000, 2.281948921063097e-001
4081, 5.319590568542480e-001, 6.254477798938750e-002, -7.878778790634342e+001, 1.000851652499744e+000, -9.132756551970059e-004, -4.981326161403086e-004, 0.000000000000000e+000, 0.000000000000000e+000, 2.916818486163369e-001
4107, 5.478921532630920e-001, 6.183055788278580e-002, -5.805338611556514e+001, 1.000851652499744e+000, -9.132756551970059e-004, -1.351989550336111e-004, 0.000000000000000e+000, 0.000000000000000e+000, 1.925357363564354e-001
4133, 5.638301968574519e-001, 6.098204478621480e-002, -2.554108389904730e+001, 1.000851652499744e+000, -9.132756551970059e-004, 1.012927249203797e-004, 0.000000000000000e+000, 0.000000000000000e+000, 7.669558426471200e-002
4159, 5.797371864318850e-001, 5.999837070703510e-002, -1.622154772002213e+001, 1.000851652499744e+000, -9.132756551970059e-004, 1.731230707819102e-004, 0.000000000000000e+000, 0.000000000000000e+000, 2.975285749498264e-002
4185, 5.956164002418520e-001, 5.890367180109020e-002, -3.256449040374147e+001, 1.000851652499744e+000, -9.132756551970059e-004, 2.219047381982527e-004, 0.000000000000000e+000, 0.000000000000000e+000, 2.005247712699121e-003
4211, 6.114472150802610e-001, 5.770172551274300e-002, -5.319006351730197e+001, 1.000851652499744e+000, -9.132756551970059e-004, 2.676512427612496e-004, 0.000000000000000e+000, 0.000000000000000e+000, 2.418777230006046e-004
4237, 6.271871328353880e-001, 5.638685822486880e-002, -6.504132970764324e+001, 1.000851652499744e+000, -9.132756551970059e-004, 2.991669293982866e-004, 0.000000000000000e+000, 0.000000000000000e+000, 6.955767306920603e-003
4263, 6.428214907646180e-001, 5.496648699045180e-002, -6.880187152803997e+001, 1.000851652499744e+000, -9.132756551970059e-004, 3.174343848018246e-004, 0.000000000000000e+000, 0.000000000000000e+000, 9.977477834578004e-003
4289, 6.584149599075320e-001, 5.347967892885210e-002, -6.961279374763690e+001, 1.000851652499744e+000, -9.132756551970059e-004, 3.252923741754191e-004, 0.000000000000000e+000, 0.000000000000000e+000, 1.039221089557873e-002
4315, 6.737585067749020e-001, 5.185642465949060e-002, -7.087547581295144e+001, 1.000851652499744e+000, -9.132756551970059e-004, 3.279433271037251e-004, 0.000000000000000e+000, 0.000000000000000e+000, 1.327661706969046e-002
4341, 6.888993382453920e-001, 5.012673139572140e-002, -7.223743269804181e+001, 1.000851652499744e+000, -9.132756551970059e-004, 3.402072631261660e-004, 0.000000000000000e+000, 0.000000000000000e+000, 1.669411120433988e-002
4367, 7.042160034179690e-001, 4.843495786190030e-002, -7.288657344510766e+001, 1.000851652499744e+000, -9.132756551970059e-004, 3.553892604913042e-004, 0.000000000000000e+000, 0.000000000000000e+000, 1.661767107306183e-002
4393, 7.193410396575930e-001, 4.666095972061160e-002, -7.421153832562842e+001, 1.000851652499744e+000, -9.132756551970059e-004, 3.631192475120367e-004, 0.000000000000000e+000, 0.000000000000000e+000, 1.730567720285236e-002
4419, 7.341139912605290e-001, 4.475884139537810e-002, -7.625496745829165e+001, 1.000851652499744e+000, -9.132756551970059e-004, 3.778632730872376e-004, 0.000000000000000e+000, 0.000000000000000e+000, 2.029306167637262e-002
4445, 7.489700317382810e-001, 4.287994652986530e-002, -7.769846257805403e+001, 1.000851652499744e+000, -9.132756551970059e-004, 3.975236604913593e-004, 0.000000000000000e+000, 0.000000000000000e+000, 2.090819968058930e-002
4471, 7.636658549308780e-001, 4.095442220568660e-002, -7.925506036945542e+001, 1.000851652499744e+000, -9.132756551970059e-004, 4.119996138288424e-004, 0.000000000000000e+000, 0.000000000000000e+000, 2.052586899720082e-002
4497, 7.780403494834900e-001, 3.894298896193500e-002, -8.173228050723928e+001, 1.000851652499744e+000, -9.132756551970059e-004, 4.299629931432642e-004, 0.000000000000000e+000, 0.000000000000000e+000, 2.149902768387054e-002
4523, 7.922744154930110e-001, 3.690845519304280e-002, -8.463688359450390e+001, 1.000851652499744e+000, -9.132756551970059e-004, 4.525991998464541e-004, 0.000000000000000e+000, 0.000000000000000e+000, 2.198397214131762e-002
4549, 8.063289523124690e-001, 3.484725579619410e-002, -8.808386826222308e+001, 1.000851652499744e+000, -9.132756551970059e-004, 4.761389710920329e-004, 0.000000000000000e+000, 0.000000000000000e+000, 2.139035662660406e-002
4575, 8.201366662979130e-001, 3.274982050061230e-002, -9.269323020560022e+001, 1.000851652499744e+000, -9.132756551970059e-004, 5.021441441925172e-004, 0.000000000000000e+000, 0.000000000000000e+000, 2.078676967521322e-002
4601, 8.336892127990720e-001, 3.062343597412110e-002, -9.844540555488940e+001, 1.000851652499744e+000, -9.132756551970059e-004, 5.327241328297023e-004, 0.000000000000000e+000, 0.000000000000000e+000, 2.007442614515624e-002
4627, 8.470668792724610e-001, 2.849674224853520e-002, -1.048674397448795e+002, 1.000851652499744e+000, -9.132756551970059e-004, 5.665691200500628e-004, 0.000000000000000e+000, 0.000000000000000e+000, 1.841784783879663e-002
4653, 8.601957559585570e-001, 2.635983005166050e-002, -1.115012870129740e+002, 1.000851652499744e+000, -9.132756551970059e-004, 6.002429786395855e-004, 0.000000000000000e+000, 0.000000000000000e+000, 1.579225660509465e-002
4679, 8.730279207229610e-001, 2.421026304364200e-002, -1.174500854429038e+002, 1.000851652499744e+000, -9.132756551970059e-004, 6.319921924648580e-004, 0.000000000000000e+000, 0.000000000000000e+000, 1.244306525534560e-002
4705, 8.855857253074650e-001, 2.206263877451420e-002, -1.210482452948913e+002, 1.000851652499744e+000, -9.132756551970059e-004, 6.582213978527676e-004, 0.000000000000000e+000, 0.000000000000000e+000, 7.735982871076698e-003
4731, 8.978731632232670e-001, 1.992686651647090e-002, -1.204585600871844e+002, 1.000851652499744e+000, -9.132756551970059e-004, 6.715698040185463e-004, 0.000000000000000e+000, 0.000000000000000e+000, 1.169578918414880e-003
4757, 9.098071455955510e-001, 1.779403723776340e-002, -1.140011522388334e+002, 1.000851652499744e+000, -9.132756551970059e-004, 6.683605501800904e-004, 0.000000000000000e+000, 0.000000000000000e+000, -7.374113906581802e-003
4783, 9.214465022087100e-001, 1.568681560456750e-002, -1.002007748970441e+002, 1.000851652499744e+000, -9.132756551970059e-004, 6.460799433484952e-004, 0.000000000000000e+000, 0.000000000000000e+000, -1.849243852509382e-002
4809, 9.327191114425660e-001, 1.359959132969380e-002, -7.841707971986030e+001, 1.000851652499744e+000, -9.132756551970059e-004, 6.012536807945872e-004, 0.000000000000000e+000, 0.000000000000000e+000, -3.224038204033478e-002
4835, 9.435870051383970e-001, 1.153454557061200e-002, -4.912904484639019e+001, 1.000851652499744e+000, -9.132756551970059e-004, 5.369565469853023e-004, 0.000000000000000e+000, 0.000000000000000e+000, -4.850890429573922e-002
4861, 9.540644884109500e-001, 9.505425579845911e-003, -1.405738751280673e+001, 1.000851652499744e+000, -9.132756551970059e-004, 4.575644262985656e-004, 0.000000000000000e+000, 0.000000000000000e+000, -6.812779657838074e-002
4887, 9.641631841659550e-001, 7.525455206632610e-003, 2.299506331575181e+001, 1.000851652499744e+000, -9.132756551970059e-004, 3.790517610870829e-004, 0.000000000000000e+000, 0.000000000000000e+000, -9.352261229532417e-002
4913, 9.738758206367490e-001, 5.604205187410120e-003, 5.420495187813120e+001, 1.000851652499744e+000, -9.132756551970059e-004, 3.346012978597431e-004, 0.000000000000000e+000, 0.000000000000000e+000, -1.327911797372674e-001
4939, 9.830872416496280e-001, 3.729917574673890e-003, 6.371367942059721e+001, 1.000851652499744e+000, -9.132756551970059e-004, 2.313295913192685e-004, 0.000000000000000e+000, 0.000000000000000e+000, -2.192358271273382e-001
4965, 9.918504953384401e-001, 1.925029675476250e-003, 2.902757223221701e+001, 1.000851652499744e+000, -9.132756551970059e-004, 6.076536044102188e-004, 0.000000000000000e+000, 0.000000000000000e+000, -5.326024250289958e-001
4991, 1.000000000000000e+000, 1.699999993434180e-004, -1.197404928327176e+002, 1.000851652499744e+000, -9.132756551970059e-004, -8.377687787843518e-004, 0.000000000000000e+000, 0.000000000000000e+000, -8.134750858439335e-002
