"PointID","x","y","Density","Momentum_x","Momentum_y","Energy","Nu_Tilde","Pressure","Temperature","Mach","Pressure_Coefficient","Laminar_Viscosity","Skin_Friction_Coefficient_x","Skin_Friction_Coefficient_y","Heat_Flux","Y_Plus","Eddy_Viscosity"
25, 9.853970408439640e-001, 9.428599150851370e-004, 4.654734003409458e-001, 0.000000000000000e+000, 0.000000000000000e+000, 1.058531991672186e+005, 0.000000000000000e+000, 4.234127966688742e+004, 3.168833762471658e+002, 0.000000000000000e+000, 2.469194897689939e-001, 1.924733705481678e-005, 2.533188997204107e-003, -1.098144138239235e-004, -3.204667461076441e+002, 2.402858531479579e+000, 0.000000000000000e+000
51, 9.695732593536380e-001, 1.489007263444360e-003, 4.701369879149055e-001, 0.000000000000000e+000, 0.000000000000000e+000, 1.069325501520615e+005, 0.000000000000000e+000, 4.277302006082459e+004, 3.169391144830901e+002, 0.000000000000000e+000, 2.768470319292664e-001, 1.924990443642209e-005, 2.001215231995096e-003, -4.504367893661509e-005, -1.334202455000103e+002, 2.145436233222286e+000, 0.000000000000000e+000
77, 9.526804089546200e-001, 1.679251203313470e-003, 4.733854331127628e-001, 0.000000000000000e+000, 0.000000000000000e+000, 1.076963601748775e+005, 0.000000000000000e+000, 4.307854406995099e+004, 3.170125623506044e+002, 0.000000000000000e+000, 2.980254595040467e-001, 1.925328720778505e-005, 1.738278147188634e-003, -1.122089637664177e-006, -7.656110491533364e+001, 2.005888691126120e+000, 0.000000000000000e+000
103, 9.349957108497620e-001, 1.511327689513560e-003, 4.745740160640225e-001, 0.000000000000000e+000, 0.000000000000000e+000, 1.079822509324253e+005, 0.000000000000000e+000, 4.319290037297011e+004, 3.170580300379918e+002, 0.000000000000000e+000, 3.059524525025196e-001, 1.925538110833920e-005, 1.598493869624638e-003, 3.372298113355407e-005, -5.551659575670393e+001, 1.925940054855471e+000, 0.000000000000000e+000
129, 9.168222546577450e-001, 9.227616828866300e-004, 4.746278644433855e-001, 0.000000000000000e+000, 0.000000000000000e+000, 1.080010808058830e+005, 0.000000000000000e+000, 4.320043232235318e+004, 3.170773406666756e+002, 0.000000000000000e+000, 3.064745549878928e-001, 1.925627036610446e-005, 1.522428619644837e-003, 6.243246213568596e-005, -4.733073385117547e+001, 1.880195125562449e+000, 0.000000000000000e+000
155, 8.983380794525150e-001, 8.054462341533510e-006, 4.740276571395370e-001, 0.000000000000000e+000, 0.000000000000000e+000, 1.078648457583495e+005, 0.000000000000000e+000, 4.314593830333981e+004, 3.170783445514929e+002, 0.000000000000000e+000, 3.026971181892817e-001, 1.925631659444047e-005, 1.482793232995577e-003, 8.522789985377486e-005, -4.443802730769168e+001, 1.854994787947698e+000, 0.000000000000000e+000
181, 8.797067403793331e-001, -1.210561604239050e-003, 4.727076590638823e-001, 0.000000000000000e+000, 0.000000000000000e+000, 1.075596049388474e+005, 0.000000000000000e+000, 4.302384197553895e+004, 3.170639720664755e+002, 0.000000000000000e+000, 2.942335992571001e-001, 1.925565474262257e-005, 1.470433844532525e-003, 1.061503499503902e-004, -4.403958367397886e+001, 1.844939757994878e+000, 0.000000000000000e+000
207, 8.610174655914310e-001, -2.686113817617300e-003, 4.711831591353046e-001, 0.000000000000000e+000, 0.000000000000000e+000, 1.072053183182014e+005, 0.000000000000000e+000, 4.288212732728057e+004, 3.170420793241884e+002, 0.000000000000000e+000, 2.844101702473559e-001, 1.925464655503816e-005, 1.472594416181939e-003, 1.236533365099193e-004, -4.522595056956616e+001, 1.843824215181968e+000, 0.000000000000000e+000
233, 8.422674536705020e-001, -4.354327917099000e-003, 4.694157892878869e-001, 0.000000000000000e+000, 0.000000000000000e+000, 1.067936417725688e+005, 0.000000000000000e+000, 4.271745670902750e+004, 3.170137064398230e+002, 0.000000000000000e+000, 2.729954707206677e-001, 1.925333989777160e-005, 1.482914222809114e-003, 1.398645610294494e-004, -4.682844322123678e+001, 1.847493539816077e+000, 0.000000000000000e+000
259, 8.235722184181210e-001, -6.217850837856530e-003, 4.671574372593577e-001, 0.000000000000000e+000, 0.000000000000000e+000, 1.062674830244649e+005, 0.000000000000000e+000, 4.250699320978595e+004, 3.169767904431388e+002, 0.000000000000000e+000, 2.584064831364607e-001, 1.925163971775897e-005, 1.504768779058030e-003, 1.567372476970417e-004, -4.918425077529579e+001, 1.857455946862340e+000, 0.000000000000000e+000
285, 8.049457669258120e-001, -8.241767995059490e-003, 4.650404897057467e-001, 0.000000000000000e+000, 0.000000000000000e+000, 1.057725836115587e+005, 0.000000000000000e+000, 4.230903344462347e+004, 3.169368096807006e+002, 0.000000000000000e+000, 2.446842340693514e-001, 1.924979827840353e-005, 1.531726930096519e-003, 1.706482488192405e-004, -5.212852890912974e+001, 1.869847385431136e+000, 0.000000000000000e+000
311, 7.863141298294070e-001, -1.036873925477270e-002, 4.626932851020024e-001, 0.000000000000000e+000, 0.000000000000000e+000, 1.052238721094847e+005, 0.000000000000000e+000, 4.208954884379389e+004, 3.168921047971292e+002, 0.000000000000000e+000, 2.294699183900692e-001, 1.924773911885485e-005, 1.559293723841469e-003, 1.851161689791255e-004, -5.464685211311215e+001, 1.883187635938838e+000, 0.000000000000000e+000
337, 7.678796052932740e-001, -1.264218706637620e-002, 4.598894877607035e-001, 0.000000000000000e+000, 0.000000000000000e+000, 1.045686448573821e+005, 0.000000000000000e+000, 4.182745794295284e+004, 3.168387812055396e+002, 0.000000000000000e+000, 2.113022032656747e-001, 1.924528278368193e-005, 1.598238270825803e-003, 2.016303719381888e-004, -5.814796260263107e+001, 1.901041317794526e+000, 0.000000000000000e+000
363, 7.495508193969730e-001, -1.500672101974490e-002, 4.569223958634158e-001, 0.000000000000000e+000, 0.000000000000000e+000, 1.038749270433869e+005, 0.000000000000000e+000, 4.154997081735476e+004, 3.167806335566139e+002, 0.000000000000000e+000, 1.920672468731581e-001, 1.924260399685473e-005, 1.646909131408706e-003, 2.167385737871769e-004, -6.352046539124623e+001, 1.924002135112479e+000, 0.000000000000000e+000
389, 7.313483357429500e-001, -1.744982041418550e-002, 4.537681056654865e-001, 0.000000000000000e+000, 0.000000000000000e+000, 1.031376432957764e+005, 0.000000000000000e+000, 4.125505731831056e+004, 3.167186029757584e+002, 0.000000000000000e+000, 1.716243226061203e-001, 1.923974606045862e-005, 1.702039126608905e-003, 2.310556455252817e-004, -7.000721142414996e+001, 1.949905207529730e+000, 0.000000000000000e+000
415, 7.132214307785030e-001, -1.993851736187930e-002, 4.505824842574687e-001, 0.000000000000000e+000, 0.000000000000000e+000, 1.023929635372236e+005, 0.000000000000000e+000, 4.095718541488943e+004, 3.166548500958991e+002, 0.000000000000000e+000, 1.509763265576111e-001, 1.923680848426251e-005, 1.759708526332026e-003, 2.441729696671269e-004, -7.715932551660337e+001, 1.975089440882474e+000, 0.000000000000000e+000
441, 6.951977014541630e-001, -2.246599644422530e-002, 4.470743672282209e-001, 0.000000000000000e+000, 0.000000000000000e+000, 1.015735211989598e+005, 0.000000000000000e+000, 4.062940847958393e+004, 3.165855397367284e+002, 0.000000000000000e+000, 1.282553623201354e-001, 1.923361450143319e-005, 1.821608189981666e-003, 2.580457488891221e-004, -8.504236452711757e+001, 2.002549906598115e+000, 0.000000000000000e+000
467, 6.773055195808410e-001, -2.502630092203620e-002, 4.436214236241883e-001, 0.000000000000000e+000, 0.000000000000000e+000, 1.007667501444954e+005, 0.000000000000000e+000, 4.030670005779815e+004, 3.165155692998204e+002, 0.000000000000000e+000, 1.058857391991765e-001, 1.923038975016082e-005, 1.884689291887262e-003, 2.701439777363259e-004, -9.397860551825170e+001, 2.028620558312210e+000, 0.000000000000000e+000
493, 6.594728827476500e-001, -2.758665196597580e-002, 4.399787970295730e-001, 0.000000000000000e+000, 0.000000000000000e+000, 9.991619336866852e+004, 0.000000000000000e+000, 3.996647734746740e+004, 3.164422534156622e+002, 0.000000000000000e+000, 8.230205407198070e-002, 1.922701043817718e-005, 1.948320987275418e-003, 2.819003555092384e-004, -1.038626413891678e+002, 2.053636051080250e+000, 0.000000000000000e+000
519, 6.418011188507080e-001, -3.016339242458340e-002, 4.349890015601281e-001, 0.000000000000000e+000, 0.000000000000000e+000, 9.875344682763627e+004, 0.000000000000000e+000, 3.950137873105450e+004, 3.163474392581368e+002, 0.000000000000000e+000, 5.006217416533709e-002, 1.922263964345203e-005, 2.040513550847615e-003, 2.995935011592191e-004, -1.185982101364780e+002, 2.091046338198739e+000, 0.000000000000000e+000
545, 6.243042349815370e-001, -3.275020420551300e-002, 4.306166577372236e-001, 0.000000000000000e+000, 0.000000000000000e+000, 9.773195387432896e+004, 0.000000000000000e+000, 3.909278154973158e+004, 3.162540473025759e+002, 0.000000000000000e+000, 2.173888187596686e-002, 1.921833377738853e-005, 2.143459691531604e-003, 3.069361222582498e-004, -1.377335409860961e+002, 2.131370909599215e+000, 0.000000000000000e+000
571, 6.065399646759030e-001, -3.521266952157020e-002, 4.275628933746493e-001, 0.000000000000000e+000, 0.000000000000000e+000, 9.700969745243405e+004, 0.000000000000000e+000, 3.880387898097360e+004, 3.161589491738259e+002, 0.000000000000000e+000, 1.712625523466767e-003, 1.921394860211488e-005, 2.231289160099955e-003, 3.066572775277246e-004, -1.499038459249825e+002, 2.165652781687408e+000, 0.000000000000000e+000
597, 5.888153314590450e-001, -3.762762248516080e-002, 4.234905066827729e-001, 0.000000000000000e+000, 0.000000000000000e+000, 9.605299530323975e+004, 0.000000000000000e+000, 3.842119812129589e+004, 3.160512917911714e+002, 0.000000000000000e+000, -2.481418948564879e-002, 1.920898350674435e-005, 2.309832339380152e-003, 3.165200036318664e-004, -1.572204292487381e+002, 2.192702744808470e+000, 0.000000000000000e+000
623, 5.713157057762150e-001, -4.003950580954550e-002, 4.187609913538762e-001, 0.000000000000000e+000, 0.000000000000000e+000, 9.494360154550662e+004, 0.000000000000000e+000, 3.797744061820264e+004, 3.159292375540846e+002, 0.000000000000000e+000, -5.557473811453920e-002, 1.920335342635220e-005, 2.410577723404743e-003, 3.270065035262324e-004, -1.710724753581751e+002, 2.227915229718268e+000, 0.000000000000000e+000
649, 5.538190603256230e-001, -4.237503558397290e-002, 4.139198134585063e-001, 0.000000000000000e+000, 0.000000000000000e+000, 9.380894649187742e+004, 0.000000000000000e+000, 3.752357859675096e+004, 3.158045476819493e+002, 0.000000000000000e+000, -8.703571552754959e-002, 1.919760066078456e-005, 2.527561668996122e-003, 3.314571283290561e-004, -1.915829332504462e+002, 2.267282590064422e+000, 0.000000000000000e+000
675, 5.363336801528930e-001, -4.462694749236110e-002, 4.088655875356114e-001, 0.000000000000000e+000, 0.000000000000000e+000, 9.262539480482903e+004, 0.000000000000000e+000, 3.705015792193160e+004, 3.156747530288608e+002, 0.000000000000000e+000, -1.198524669924650e-001, 1.919161118639265e-005, 2.655398308570353e-003, 3.333132712829524e-004, -2.159340770123508e+002, 2.308797572603902e+000, 0.000000000000000e+000
701, 5.188096761703490e-001, -4.676951467990880e-002, 4.038735204968158e-001, 0.000000000000000e+000, 0.000000000000000e+000, 9.145651294274187e+004, 0.000000000000000e+000, 3.658260517709675e+004, 3.155437591699426e+002, 0.000000000000000e+000, -1.522624630912609e-001, 1.918556514067224e-005, 2.786950279529815e-003, 3.301033058774773e-004, -2.433519362955960e+002, 2.350601951672442e+000, 0.000000000000000e+000
727, 5.012295246124270e-001, -4.878489673137660e-002, 3.989441691434479e-001, 0.000000000000000e+000, 0.000000000000000e+000, 9.030285110190904e+004, 0.000000000000000e+000, 3.612114044076361e+004, 3.154130638469370e+002, 0.000000000000000e+000, -1.842504483389391e-001, 1.917953163881887e-005, 2.923305496126001e-003, 3.223467399178306e-004, -2.738333162907070e+002, 2.391047408821663e+000, 0.000000000000000e+000
753, 4.835794866085050e-001, -5.065427348017690e-002, 3.939787695268954e-001, 0.000000000000000e+000, 0.000000000000000e+000, 8.914273131935486e+004, 0.000000000000000e+000, 3.565709252774194e+004, 3.152851049617280e+002, 0.000000000000000e+000, -2.164174951947945e-001, 1.917362326778721e-005, 3.064127474783198e-003, 3.100702178700867e-004, -3.090206170738244e+002, 2.431883488155987e+000, 0.000000000000000e+000
779, 4.658685922622680e-001, -5.236319825053220e-002, 3.891170384034762e-001, 0.000000000000000e+000, 0.000000000000000e+000, 8.800902243913605e+004, 0.000000000000000e+000, 3.520360897565442e+004, 3.151644949764373e+002, 0.000000000000000e+000, -2.478522377268179e-001, 1.916805314098245e-005, 3.207978642752400e-003, 2.914596531939214e-004, -3.496519092094051e+002, 2.471585057778154e+000, 0.000000000000000e+000
805, 4.480717480182650e-001, -5.388031527400020e-002, 3.848524839147923e-001, 0.000000000000000e+000, 0.000000000000000e+000, 8.701258239761479e+004, 0.000000000000000e+000, 3.480503295904592e+004, 3.150489965749344e+002, 0.000000000000000e+000, -2.754808791711491e-001, 1.916271809603371e-005, 3.355588746816730e-003, 2.641983583694955e-004, -3.943214436535748e+002, 2.513618417319858e+000, 0.000000000000000e+000
831, 4.301885962486270e-001, -5.517242103815080e-002, 3.812116955246787e-001, 0.000000000000000e+000, 0.000000000000000e+000, 8.616209457476046e+004, 0.000000000000000e+000, 3.446483782990418e+004, 3.149490976107370e+002, 0.000000000000000e+000, -2.990626524151653e-001, 1.915810283401628e-005, 3.497691428943186e-003, 2.295786840101116e-004, -4.403900943539762e+002, 2.552818923483471e+000, 0.000000000000000e+000
857, 4.122794568538670e-001, -5.622962117195130e-002, 3.782183476580986e-001, 0.000000000000000e+000, 0.000000000000000e+000, 8.546547428528414e+004, 0.000000000000000e+000, 3.418618971411365e+004, 3.148751959110137e+002, 0.000000000000000e+000, -3.183780867602201e-001, 1.915468816247470e-005, 3.622993898769970e-003, 1.883602432313593e-004, -4.863431757919531e+002, 2.587085501477373e+000, 0.000000000000000e+000
883, 3.944020271301270e-001, -5.703297257423400e-002, 3.766927526545388e-001, 0.000000000000000e+000, 0.000000000000000e+000, 8.510491458060195e+004, 0.000000000000000e+000, 3.404196583224078e+004, 3.148166636557169e+002, 0.000000000000000e+000, -3.283754517644700e-001, 1.915198336450628e-005, 3.742790281616035e-003, 1.378496049580376e-004, -5.300695417595632e+002, 2.623016631818317e+000, 0.000000000000000e+000
909, 3.766198158264160e-001, -5.754299089312550e-002, 3.768436803130463e-001, 0.000000000000000e+000, 0.000000000000000e+000, 8.512840331489861e+004, 0.000000000000000e+000, 3.405136132595944e+004, 3.147774318860190e+002, 0.000000000000000e+000, -3.277241714156064e-001, 1.915017031048411e-005, 3.843047487880326e-003, 8.203921791248160e-005, -5.631586572690134e+002, 2.657733615800806e+000, 0.000000000000000e+000
935, 3.590588271617890e-001, -5.778745934367180e-002, 3.785492271092021e-001, 0.000000000000000e+000, 0.000000000000000e+000, 8.550935693082088e+004, 0.000000000000000e+000, 3.420374277232834e+004, 3.147615049963760e+002, 0.000000000000000e+000, -3.171613373035124e-001, 1.914943423459832e-005, 3.915895860072538e-003, 2.511768881742213e-005, -5.822142521331954e+002, 2.689015731160302e+000, 0.000000000000000e+000
961, 3.418258726596830e-001, -5.776616930961610e-002, 3.811765130357154e-001, 0.000000000000000e+000, 0.000000000000000e+000, 8.610734193730284e+004, 0.000000000000000e+000, 3.444293677492113e+004, 3.147780110347014e+002, 0.000000000000000e+000, -3.005807979386417e-001, 1.915019707602805e-005, 3.953657594423948e-003, -2.784380409106579e-005, -5.882388308776875e+002, 2.711207801555794e+000, 0.000000000000000e+000
987, 3.249974250793460e-001, -5.754758045077320e-002, 3.843493248008124e-001, 0.000000000000000e+000, 0.000000000000000e+000, 8.683653614885335e+004, 0.000000000000000e+000, 3.473461445954134e+004, 3.148231830484918e+002, 0.000000000000000e+000, -2.803621750665087e-001, 1.915228464042613e-005, 3.961896409126279e-003, -7.562819393879908e-005, -5.860776823243453e+002, 2.724748216882133e+000, 0.000000000000000e+000
1013, 3.086399734020230e-001, -5.713268741965290e-002, 3.882085056143710e-001, 0.000000000000000e+000, 0.000000000000000e+000, 8.772429059497596e+004, 0.000000000000000e+000, 3.508971623799037e+004, 3.148800567254427e+002, 0.000000000000000e+000, -2.557470971285664e-001, 1.915491277141642e-005, 3.956435850802105e-003, -1.207932111908710e-004, -5.789525913286259e+002, 2.736308868075413e+000, 0.000000000000000e+000
1039, 2.927811741828920e-001, -5.656399205327030e-002, 3.920758442750092e-001, 0.000000000000000e+000, 0.000000000000000e+000, 8.861890312409973e+004, 0.000000000000000e+000, 3.544756124963988e+004, 3.149536317466699e+002, 0.000000000000000e+000, -2.309418627252683e-001, 1.915831232356242e-005, 3.927559714631528e-003, -1.577096506035097e-004, -5.661043921402443e+002, 2.739935088482121e+000, 0.000000000000000e+000
1065, 2.774220108985900e-001, -5.587914213538170e-002, 3.955909162528078e-001, 0.000000000000000e+000, 0.000000000000000e+000, 8.943281717224431e+004, 0.000000000000000e+000, 3.577312686889771e+004, 3.150220385109043e+002, 0.000000000000000e+000, -2.083741833209366e-001, 1.916147272355805e-005, 3.905822552206195e-003, -1.892797976685516e-004, -5.571477975618293e+002, 2.744670663391893e+000, 0.000000000000000e+000
1091, 2.625653147697450e-001, -5.509970337152480e-002, 3.988948436303832e-001, 0.000000000000000e+000, 0.000000000000000e+000, 9.019893827831901e+004, 0.000000000000000e+000, 3.607957531132759e+004, 3.150890710359873e+002, 0.000000000000000e+000, -1.871316755325533e-001, 1.916456930502833e-005, 3.890345527400093e-003, -2.198722000265491e-004, -5.530778797737045e+002, 2.751011805156209e+000, 0.000000000000000e+000
1117, 2.482267022132870e-001, -5.422909930348400e-002, 4.024954735293710e-001, 0.000000000000000e+000, 0.000000000000000e+000, 9.103307774052663e+004, 0.000000000000000e+000, 3.641323109621065e+004, 3.151581641972468e+002, 0.000000000000000e+000, -1.640031990005205e-001, 1.916776073776487e-005, 3.870452530320577e-003, -2.510892957383041e-004, -5.476422058926672e+002, 2.755820495225839e+000, 0.000000000000000e+000
1143, 2.344165146350860e-001, -5.327359586954120e-002, 4.061943008701773e-001, 0.000000000000000e+000, 0.000000000000000e+000, 9.189106448944498e+004, 0.000000000000000e+000, 3.675642579577798e+004, 3.152316342121546e+002, 0.000000000000000e+000, -1.402135004114695e-001, 1.917115395980121e-005, 3.835911055616721e-003, -2.778778566602320e-004, -5.374784937291454e+002, 2.756859252347545e+000, 0.000000000000000e+000
1169, 2.210974693298340e-001, -5.226382613182070e-002, 4.093462480878146e-001, 0.000000000000000e+000, 0.000000000000000e+000, 9.262062528442741e+004, 0.000000000000000e+000, 3.704825011377096e+004, 3.152878471418945e+002, 0.000000000000000e+000, -1.199847131523410e-001, 1.917374989757018e-005, 3.818379504643583e-003, -3.000093056628980e-004, -5.305776203401410e+002, 2.760710071002111e+000, 0.000000000000000e+000
1195, 2.082438766956330e-001, -5.121721699833870e-002, 4.122674390763549e-001, 0.000000000000000e+000, 0.000000000000000e+000, 9.329714037940072e+004, 0.000000000000000e+000, 3.731885615176028e+004, 3.153404141237029e+002, 0.000000000000000e+000, -1.012267425652101e-001, 1.917617725715628e-005, 3.808572204562322e-003, -3.239145463701179e-004, -5.284261858988908e+002, 2.766990189137529e+000, 0.000000000000000e+000
1221, 1.958884000778200e-001, -5.011982470750810e-002, 4.155287579330050e-001, 0.000000000000000e+000, 0.000000000000000e+000, 9.405090940787016e+004, 0.000000000000000e+000, 3.762036376314805e+004, 3.153931451708985e+002, 0.000000000000000e+000, -8.032672515158876e-002, 1.917861199203549e-005, 3.793995411916172e-003, -3.505667661008017e-004, -5.243504705498160e+002, 2.772890975888777e+000, 0.000000000000000e+000
1247, 1.840233504772190e-001, -4.897923022508620e-002, 4.186375509651214e-001, 0.000000000000000e+000, 0.000000000000000e+000, 9.477031402298690e+004, 0.000000000000000e+000, 3.790812560919475e+004, 3.154456008514811e+002, 0.000000000000000e+000, -6.037954184278388e-002, 1.918103381312063e-005, 3.775043857475172e-003, -3.729988200566008e-004, -5.181715763732690e+002, 2.776655511316667e+000, 0.000000000000000e+000
1273, 1.725961565971370e-001, -4.781839996576310e-002, 4.212902662062344e-001, 0.000000000000000e+000, 0.000000000000000e+000, 9.538256532686595e+004, 0.000000000000000e+000, 3.815302613074637e+004, 3.154844153186183e+002, 0.000000000000000e+000, -4.340343586166162e-002, 1.918282570639857e-005, 3.773393940338127e-003, -3.950689536211438e-004, -5.168876355307381e+002, 2.785019032051725e+000, 0.000000000000000e+000
1299, 1.616173982620240e-001, -4.663335904479030e-002, 4.239952919635894e-001, 0.000000000000000e+000, 0.000000000000000e+000, 9.600745928499610e+004, 0.000000000000000e+000, 3.840298371399844e+004, 3.155253660202009e+002, 0.000000000000000e+000, -2.607678258551586e-002, 1.918471610224065e-005, 3.773835150148980e-003, -4.223723486991895e-004, -5.188928900206434e+002, 2.794499027243361e+000, 0.000000000000000e+000
1325, 1.511152982711790e-001, -4.541423544287680e-002, 4.266844267695686e-001, 0.000000000000000e+000, 0.000000000000000e+000, 9.663026278549555e+004, 0.000000000000000e+000, 3.865210511419821e+004, 3.155707231691504e+002, 0.000000000000000e+000, -8.808092159042224e-003, 1.918680977030716e-005, 3.771891223011599e-003, -4.505639982075447e-004, -5.213426561173757e+002, 2.802851190415040e+000, 0.000000000000000e+000
1351, 1.410477757453920e-001, -4.417625442147250e-002, 4.298153068558477e-001, 0.000000000000000e+000, 0.000000000000000e+000, 9.735328337593850e+004, 0.000000000000000e+000, 3.894131335037539e+004, 3.156160368307220e+002, 0.000000000000000e+000, 1.123935256198662e-002, 1.918890128265501e-005, 3.767575009761083e-003, -4.815972866488257e-004, -5.217992952014085e+002, 2.811619028431584e+000, 0.000000000000000e+000
1377, 1.314679384231570e-001, -4.290277510881420e-002, 4.331639728051533e-001, 0.000000000000000e+000, 0.000000000000000e+000, 9.812734118261506e+004, 0.000000000000000e+000, 3.925093647304601e+004, 3.156661692530663e+002, 0.000000000000000e+000, 3.270192402308719e-002, 1.919121503857033e-005, 3.748686938927295e-003, -5.098991811781826e-004, -5.166495609795306e+002, 2.815793989464732e+000, 0.000000000000000e+000
1403, 1.222792565822600e-001, -4.162334650754930e-002, 4.359576849238042e-001, 0.000000000000000e+000, 0.000000000000000e+000, 9.877250080776439e+004, 0.000000000000000e+000, 3.950900032310575e+004, 3.157054278725997e+002, 0.000000000000000e+000, 5.059049053472296e-002, 1.919302681044191e-005, 3.744025150522026e-003, -5.355453488385703e-004, -5.148731999761927e+002, 2.823018181799247e+000, 0.000000000000000e+000
1429, 1.134960949420930e-001, -4.033208265900610e-002, 4.392704232003092e-001, 0.000000000000000e+000, 0.000000000000000e+000, 9.953512922498434e+004, 0.000000000000000e+000, 3.981405168999373e+004, 3.157437471738836e+002, 0.000000000000000e+000, 7.173615531798457e-002, 1.919479512581076e-005, 3.742720961656292e-003, -5.703962598606701e-004, -5.146987332569412e+002, 2.832799194616767e+000, 0.000000000000000e+000
1455, 1.051684617996220e-001, -3.901563584804530e-002, 4.426571451271077e-001, 0.000000000000000e+000, 0.000000000000000e+000, 1.003172979587641e+005, 0.000000000000000e+000, 4.012691918350563e+004, 3.157902258249196e+002, 0.000000000000000e+000, 9.342362129092500e-002, 1.919693982731748e-005, 3.729446053614872e-003, -6.028017472926854e-004, -5.107219293079457e+002, 2.838475425058738e+000, 0.000000000000000e+000
1481, 9.719923138618471e-002, -3.769797086715700e-002, 4.458853898698253e-001, 0.000000000000000e+000, 0.000000000000000e+000, 1.010650502632778e+005, 0.000000000000000e+000, 4.042602010531110e+004, 3.158406979550198e+002, 0.000000000000000e+000, 1.141568108956302e-001, 1.919926862657564e-005, 3.715694966223496e-003, -6.342104915172406e-004, -5.083783614533690e+002, 2.843642678084205e+000, 0.000000000000000e+000
1507, 8.964005112648010e-002, -3.636518120765690e-002, 4.496956475783234e-001, 0.000000000000000e+000, 0.000000000000000e+000, 1.019447248271263e+005, 0.000000000000000e+000, 4.077788993085052e+004, 3.158903873266042e+002, 0.000000000000000e+000, 1.385478551125656e-001, 1.920156112959487e-005, 3.702117528113431e-003, -6.727508285165137e-004, -5.052991581754031e+002, 2.850596589933351e+000, 0.000000000000000e+000
1533, 8.247101306915280e-002, -3.502155095338820e-002, 4.536374556248905e-001, 0.000000000000000e+000, 0.000000000000000e+000, 1.028572466625592e+005, 0.000000000000000e+000, 4.114289866502368e+004, 3.159485200862166e+002, 0.000000000000000e+000, 1.638496671140266e-001, 1.920424295652186e-005, 3.674143702940243e-003, -7.063413421394690e-004, -4.965359392946587e+002, 2.850928337968361e+000, 0.000000000000000e+000
1559, 7.564741373062130e-002, -3.367514535784720e-002, 4.579362086978628e-001, 0.000000000000000e+000, 0.000000000000000e+000, 1.038522476269323e+005, 0.000000000000000e+000, 4.154089905077290e+004, 3.160103104820930e+002, 0.000000000000000e+000, 1.914384067630843e-001, 1.920709325326911e-005, 3.633798230214029e-003, -7.375113393342649e-004, -4.831867751017876e+002, 2.848154782590727e+000, 0.000000000000000e+000
1585, 6.917616724967959e-002, -3.232324495911600e-002, 4.620530877863418e-001, 0.000000000000000e+000, 0.000000000000000e+000, 1.048069753762347e+005, 0.000000000000000e+000, 4.192279015049387e+004, 3.160739090546681e+002, 0.000000000000000e+000, 2.179104768960344e-001, 1.921002667098720e-005, 3.590061816437440e-003, -7.649040811066190e-004, -4.692875584159816e+002, 2.842112179355211e+000, 0.000000000000000e+000
1611, 6.298619508743290e-002, -3.097752667963500e-002, 4.655520627181045e-001, 0.000000000000000e+000, 0.000000000000000e+000, 1.056186464750813e+005, 0.000000000000000e+000, 4.224745859003250e+004, 3.161277927495822e+002, 0.000000000000000e+000, 2.404159652609157e-001, 1.921251177198055e-005, 3.563953355046895e-003, -7.964026917426811e-004, -4.624319632491896e+002, 2.841472135162097e+000, 0.000000000000000e+000
1637, 5.711802840232850e-002, -2.962872758507730e-002, 4.696085860776982e-001, 0.000000000000000e+000, 0.000000000000000e+000, 1.065584175429963e+005, 0.000000000000000e+000, 4.262336701719852e+004, 3.161855877805293e+002, 0.000000000000000e+000, 2.664733262593166e-001, 1.921517703014013e-005, 3.539438039096403e-003, -8.432655566737348e-004, -4.588150451239438e+002, 2.842979189403488e+000, 0.000000000000000e+000
1663, 5.161416530609130e-002, -2.826815843582150e-002, 4.741801718694840e-001, 0.000000000000000e+000, 0.000000000000000e+000, 1.076190603709447e+005, 0.000000000000000e+000, 4.304762414837789e+004, 3.162540841569501e+002, 0.000000000000000e+000, 2.958821408119216e-001, 1.921833547669516e-005, 3.498509377107616e-003, -8.916047492000817e-004, -4.492323136824781e+002, 2.839866219553461e+000, 0.000000000000000e+000
1689, 4.642483592033390e-002, -2.690353803336620e-002, 4.793680123345469e-001, 0.000000000000000e+000, 0.000000000000000e+000, 1.088236487943386e+005, 0.000000000000000e+000, 4.352945951773542e+004, 3.163330504870330e+002, 0.000000000000000e+000, 3.292821852211466e-001, 1.922197628547531e-005, 3.438461986927589e-003, -9.368721358359107e-004, -4.317115728206596e+002, 2.830105907998298e+000, 0.000000000000000e+000
1715, 4.156750440597530e-002, -2.553076110780240e-002, 4.851632155382702e-001, 0.000000000000000e+000, 0.000000000000000e+000, 1.101701569686391e+005, 0.000000000000000e+000, 4.406806278745564e+004, 3.164218308314776e+002, 0.000000000000000e+000, 3.666172881871158e-001, 1.922606904143999e-005, 3.358075043529131e-003, -9.764548481245707e-004, -4.058808560847820e+002, 2.813025060017986e+000, 0.000000000000000e+000
1741, 3.698146343231200e-002, -2.415761165320870e-002, 4.906740151997324e-001, 0.000000000000000e+000, 0.000000000000000e+000, 1.114567972288624e+005, 0.000000000000000e+000, 4.458271889154494e+004, 3.165219527101919e+002, 0.000000000000000e+000, 4.022924125661783e-001, 1.923068395916281e-005, 3.268357757076632e-003, -1.007769696767977e-003, -3.790218605302873e+002, 2.789043983407212e+000, 0.000000000000000e+000
1767, 3.265759348869320e-002, -2.278346754610540e-002, 4.960255977295789e-001, 0.000000000000000e+000, 0.000000000000000e+000, 1.127129843428001e+005, 0.000000000000000e+000, 4.508519373712003e+004, 3.166359313768352e+002, 0.000000000000000e+000, 4.371231519100008e-001, 1.923593669989553e-005, 3.175345086644504e-003, -1.044963502466647e-003, -3.588170148101529e+002, 2.763608442560251e+000, 0.000000000000000e+000
1793, 2.861636877059940e-002, -2.140477113425730e-002, 5.025270725332015e-001, 0.000000000000000e+000, 0.000000000000000e+000, 1.142335739766977e+005, 0.000000000000000e+000, 4.569342959067906e+004, 3.167558452284738e+002, 0.000000000000000e+000, 4.792850723751639e-001, 1.924146195681807e-005, 3.079959065989554e-003, -1.099383204332613e-003, -3.395406190556579e+002, 2.741195114915464e+000, 0.000000000000000e+000
1819, 2.490270137786870e-002, -2.001537941396240e-002, 5.101454288490982e-001, 0.000000000000000e+000, 0.000000000000000e+000, 1.160133412776190e+005, 0.000000000000000e+000, 4.640533651104759e+004, 3.168868898932864e+002, 0.000000000000000e+000, 5.286333026373973e-001, 1.924749890489490e-005, 2.968100238554918e-003, -1.149815890730410e-003, -3.122704614421532e+002, 2.713665553931238e+000, 0.000000000000000e+000
1845, 2.143678069114690e-002, -1.862346194684510e-002, 5.174590074836967e-001, 0.000000000000000e+000, 0.000000000000000e+000, 1.177323106143146e+005, 0.000000000000000e+000, 4.709292424572584e+004, 3.170370753657679e+002, 0.000000000000000e+000, 5.762957664870604e-001, 1.925441611179460e-005, 2.848540909021630e-003, -1.184990565584643e-003, -2.868426026152139e+002, 2.679025038982769e+000, 0.000000000000000e+000
1871, 1.820489764213560e-002, -1.722909882664680e-002, 5.252056737656389e-001, 0.000000000000000e+000, 0.000000000000000e+000, 1.195577517510438e+005, 0.000000000000000e+000, 4.782310070041753e+004, 3.172040087510955e+002, 0.000000000000000e+000, 6.269104111649536e-001, 1.926210278941746e-005, 2.733445770992006e-003, -1.235099422860501e-003, -2.733683661947362e+002, 2.648137433633646e+000, 0.000000000000000e+000
1897, 1.524919271469120e-002, -1.582761853933330e-002, 5.336676123351838e-001, 0.000000000000000e+000, 0.000000000000000e+000, 1.215538750761408e+005, 0.000000000000000e+000, 4.862155003045630e+004, 3.173863890627908e+002, 0.000000000000000e+000, 6.822576205600841e-001, 1.927049845613668e-005, 2.613730765939650e-003, -1.302134247459736e-003, -2.677683980476260e+002, 2.620181861735627e+000, 0.000000000000000e+000
1923, 1.256430149078370e-002, -1.441901084035630e-002, 5.429639746485975e-001, 0.000000000000000e+000, 0.000000000000000e+000, 1.237485916098244e+005, 0.000000000000000e+000, 4.949943664392974e+004, 3.175847106381927e+002, 0.000000000000000e+000, 7.431112932893692e-001, 1.927962525334120e-005, 2.468236602773928e-003, -1.373421486868504e-003, -2.622492487763137e+002, 2.584390917063218e+000, 0.000000000000000e+000
1949, 1.017087697982790e-002, -1.300184894353150e-002, 5.538342248290289e-001, 0.000000000000000e+000, 0.000000000000000e+000, 1.263088475686140e+005, 0.000000000000000e+000, 5.052353902744559e+004, 3.177929945437611e+002, 0.000000000000000e+000, 8.141004054722936e-001, 1.928920748461083e-005, 2.271563890719285e-003, -1.434376636571688e-003, -2.447339796183473e+002, 2.530508991202300e+000, 0.000000000000000e+000
1975, 8.062899112701419e-003, -1.157660502940420e-002, 5.654551360218742e-001, 0.000000000000000e+000, 0.000000000000000e+000, 1.290468391172460e+005, 0.000000000000000e+000, 5.161873564689839e+004, 3.180091052401401e+002, 0.000000000000000e+000, 8.900176545014202e-001, 1.929914650886094e-005, 2.000309848048846e-003, -1.429867827026898e-003, -2.044202938703454e+002, 2.430670669098980e+000, 0.000000000000000e+000
2001, 6.177186965942380e-003, -1.014706678688530e-002, 5.759381293331973e-001, 0.000000000000000e+000, 0.000000000000000e+000, 1.315246131854384e+005, 0.000000000000000e+000, 5.260984527417534e+004, 3.182156527364114e+002, 0.000000000000000e+000, 9.587197624633161e-001, 1.930864259465565e-005, 1.681353178454039e-003, -1.338434205253994e-003, -1.488546344213189e+002, 2.278548485022897e+000, 0.000000000000000e+000
2027, 4.468053579330440e-003, -8.714943192899231e-003, 5.857216394349204e-001, 0.000000000000000e+000, 0.000000000000000e+000, 1.338368514630873e+005, 0.000000000000000e+000, 5.353474058523491e+004, 3.184012606318499e+002, 0.000000000000000e+000, 1.022832001679927e+000, 1.931717337413019e-005, 1.288381649739182e-003, -1.171146270010230e-003, -8.277455957920711e+001, 2.054729403829458e+000, 0.000000000000000e+000
2053, 3.018766641616820e-003, -7.276044692844150e-003, 5.958389554688840e-001, 0.000000000000000e+000, 0.000000000000000e+000, 1.362119801163224e+005, 0.000000000000000e+000, 5.448479204652894e+004, 3.185493691349477e+002, 0.000000000000000e+000, 1.088688024330527e+000, 1.932397886751617e-005, 7.719294752701973e-004, -8.720121953315440e-004, -3.310832680392116e+000, 1.684128835544647e+000, 0.000000000000000e+000
2079, 1.912891864776610e-003, -5.828497931361200e-003, 6.027050048589242e-001, 0.000000000000000e+000, 0.000000000000000e+000, 1.378157006346137e+005, 0.000000000000000e+000, 5.512628025384546e+004, 3.186282190440734e+002, 0.000000000000000e+000, 1.133154943894640e+000, 1.932760133282690e-005, 2.162944755568488e-004, -3.308462609453797e-004, 6.546600722462271e+001, 9.809252622928430e-001, 0.000000000000000e+000
2105, 1.121968030929570e-003, -4.374681971967220e-003, 6.030247846694283e-001, 0.000000000000000e+000, 0.000000000000000e+000, 1.378809062507891e+005, 0.000000000000000e+000, 5.515236250031563e+004, 3.186099273812968e+002, 0.000000000000000e+000, 1.134962922813991e+000, 1.932676103006191e-005, -2.338244224985969e-004, 4.953536786678710e-004, 7.244800872102675e+001, 1.149042015378759e+000, 0.000000000000000e+000
2131, 5.391836166381840e-004, -2.918316749855880e-003, 5.957109691458965e-001, 0.000000000000000e+000, 0.000000000000000e+000, 1.361505363989104e+005, 0.000000000000000e+000, 5.446021455956413e+004, 3.184740833331768e+002, 0.000000000000000e+000, 1.086984352893567e+000, 1.932051972761775e-005, -5.017799838749532e-004, 1.545171956712495e-003, -3.637615529097560e+001, 1.958880313303347e+000, 0.000000000000000e+000
2157, 1.753866672515870e-004, -1.459796912968160e-003, 5.803608308205515e-001, 0.000000000000000e+000, 0.000000000000000e+000, 1.325311142140338e+005, 0.000000000000000e+000, 5.301244568561351e+004, 3.182072659130280e+002, 0.000000000000000e+000, 9.866273684141560e-001, 1.930825706724253e-005, -5.157296350236835e-004, 2.791372708374851e-003, -3.214223475900421e+002, 2.549634368244541e+000, 0.000000000000000e+000
2183, 0.000000000000000e+000, 0.000000000000000e+000, 5.521717586045563e-001, 0.000000000000000e+000, 0.000000000000000e+000, 1.259256581468976e+005, 0.000000000000000e+000, 5.037026325875904e+004, 3.177827914052850e+002, 0.000000000000000e+000, 8.034755783911790e-001, 1.928873815522156e-005, -1.098098171225025e-004, 4.102655343598145e-003, -8.089473615179626e+002, 2.989920421515973e+000, 0.000000000000000e+000
2209, 1.051127910614010e-004, 1.165737863630060e-003, 5.155110040944942e-001, 0.000000000000000e+000, 0.000000000000000e+000, 1.173680237836186e+005, 0.000000000000000e+000, 4.694720951344744e+004, 3.172504074640160e+002, 0.000000000000000e+000, 5.661950581566065e-001, 1.926423892682895e-005, 7.483988726323075e-004, 5.053599108763061e-003, -1.252440945002523e+003, 3.229537924015832e+000, 0.000000000000000e+000
2235, 3.451704978942870e-004, 2.330780262127520e-003, 4.914368541662477e-001, 0.000000000000000e+000, 0.000000000000000e+000, 1.116561192084438e+005, 0.000000000000000e+000, 4.466244768337750e+004, 3.165957958891381e+002, 0.000000000000000e+000, 4.078190827885249e-001, 1.923408715061310e-005, 1.533956544087474e-003, 5.691774352800831e-003, -1.608598901477189e+003, 3.398836470764184e+000, 0.000000000000000e+000
2261, 7.326900959014890e-004, 3.494375152513380e-003, 4.593217520926352e-001, 0.000000000000000e+000, 0.000000000000000e+000, 1.040859967038746e+005, 0.000000000000000e+000, 4.163439868154981e+004, 3.157661915468647e+002, 0.000000000000000e+000, 1.979196491516599e-001, 1.919583081389813e-005, 2.515151593449910e-003, 6.276390361865032e-003, -2.076267109585579e+003, 3.536040391234824e+000, 0.000000000000000e+000
2287, 1.276999711990360e-003, 4.656096920371060e-003, 4.275404697791714e-001, 0.000000000000000e+000, 0.000000000000000e+000, 9.664394965402027e+004, 0.000000000000000e+000, 3.865757986160809e+004, 3.149834800690005e+002, 0.000000000000000e+000, -8.428591569736722e-003, 1.915969136097361e-005, 3.442108380491970e-003, 6.440795316648423e-003, -2.442966019471000e+003, 3.564493870914955e+000, 0.000000000000000e+000
2313, 1.973092555999760e-003, 5.815388169139620e-003, 3.973691397894999e-001, 0.000000000000000e+000, 0.000000000000000e+000, 8.965240581885836e+004, 0.000000000000000e+000, 3.586096232754334e+004, 3.143823447841661e+002, 0.000000000000000e+000, -2.022855721353768e-001, 1.913190556717679e-005, 4.165146977345767e-003, 6.097372106541057e-003, -2.552102248842004e+003, 3.474349450008992e+000, 0.000000000000000e+000
2339, 2.858132123947140e-003, 6.970721762627360e-003, 3.723191988888362e-001, 0.000000000000000e+000, 0.000000000000000e+000, 8.390466351149256e+004, 0.000000000000000e+000, 3.356186540459702e+004, 3.140226723920400e+002, 0.000000000000000e+000, -3.616552328348611e-001, 1.911526818675557e-005, 4.535389688523067e-003, 5.319669892964144e-003, -2.290156545131633e+003, 3.289128002842389e+000, 0.000000000000000e+000
2365, 3.939032554626460e-003, 8.121287450194361e-003, 3.588372009181680e-001, 0.000000000000000e+000, 0.000000000000000e+000, 8.078080290313333e+004, 0.000000000000000e+000, 3.231232116125332e+004, 3.136902654522665e+002, 0.000000000000000e+000, -4.482716082051864e-001, 1.909988366880000e-005, 4.679413189093816e-003, 4.618827941990198e-003, -1.893546300924017e+003, 3.148277672170569e+000, 0.000000000000000e+000
2391, 5.185037851333620e-003, 9.267500601708891e-003, 3.543804060961034e-001, 0.000000000000000e+000, 0.000000000000000e+000, 7.970305827788735e+004, 0.000000000000000e+000, 3.188122331115493e+004, 3.133975673987794e+002, 0.000000000000000e+000, -4.781546102712379e-001, 1.908633030990472e-005, 4.804430266087827e-003, 4.231985395047364e-003, -1.668830512837952e+003, 3.103987249168918e+000, 0.000000000000000e+000
2417, 6.539613008499150e-003, 1.041201036423440e-002, 3.483030963556342e-001, 0.000000000000000e+000, 0.000000000000000e+000, 7.832426857723542e+004, 0.000000000000000e+000, 3.132970743089416e+004, 3.133497476693655e+002, 0.000000000000000e+000, -5.163847944058407e-001, 1.908411542856237e-005, 4.908575225701369e-003, 4.012643846477286e-003, -1.725753792095888e+003, 3.076537283394860e+000, 0.000000000000000e+000
2443, 7.984459400177000e-003, 1.155596133321520e-002, 3.328024054797794e-001, 0.000000000000000e+000, 0.000000000000000e+000, 7.472399263623972e+004, 0.000000000000000e+000, 2.988959705449588e+004, 3.128700192607781e+002, 0.000000000000000e+000, -6.162109042865325e-001, 1.906188647532865e-005, 5.388349040609863e-003, 4.052132154369906e-003, -1.988286570317237e+003, 3.119043006620650e+000, 0.000000000000000e+000
2469, 9.577721357345579e-003, 1.269672065973280e-002, 3.129957075902740e-001, 0.000000000000000e+000, 0.000000000000000e+000, 7.013788247463744e+004, 0.000000000000000e+000, 2.805515298985497e+004, 3.122515514950900e+002, 0.000000000000000e+000, -7.433715843066458e-001, 1.903320403263024e-005, 5.831947988684416e-003, 3.952166923101099e-003, -2.181919820458432e+003, 3.110625214556660e+000, 0.000000000000000e+000
2495, 1.134461164474490e-002, 1.383305341005330e-002, 2.964298912344205e-001, 0.000000000000000e+000, 0.000000000000000e+000, 6.631493219766210e+004, 0.000000000000000e+000, 2.652597287906483e+004, 3.117307697196199e+002, 0.000000000000000e+000, -8.493718633608727e-001, 1.900903023703573e-005, 6.058992651627266e-003, 3.705223897654401e-003, -2.208220515383979e+003, 3.056328118961091e+000, 0.000000000000000e+000
2521, 1.328635215759280e-002, 1.496464014053340e-002, 2.835830150955597e-001, 0.000000000000000e+000, 0.000000000000000e+000, 6.336029893588406e+004, 0.000000000000000e+000, 2.534411957435362e+004, 3.113345642336435e+002, 0.000000000000000e+000, -9.312960129208729e-001, 1.899062574487611e-005, 6.141931517929027e-003, 3.400292868932064e-003, -2.131170753671706e+003, 2.987526472093517e+000, 0.000000000000000e+000
2547, 1.542121171951290e-002, 1.608993858098980e-002, 2.743079231364763e-001, 0.000000000000000e+000, 0.000000000000000e+000, 6.123515340212309e+004, 0.000000000000000e+000, 2.449406136084923e+004, 3.110661791719489e+002, 0.000000000000000e+000, -9.902206662092574e-001, 1.897815220608662e-005, 6.125041583281804e-003, 3.082432272324838e-003, -1.987539874752607e+003, 2.917223413368579e+000, 0.000000000000000e+000
2573, 1.774638891220090e-002, 1.720915734767910e-002, 2.690787085613737e-001, 0.000000000000000e+000, 0.000000000000000e+000, 6.001932853402144e+004, 0.000000000000000e+000, 2.400773141360857e+004, 3.108151178522226e+002, 0.000000000000000e+000, -1.023932267449807e+000, 1.896647901820345e-005, 6.135339479861886e-003, 2.845518370859272e-003, -1.857531393487990e+003, 2.881871501680166e+000, 0.000000000000000e+000
2599, 2.023851871490480e-002, 1.832416467368600e-002, 2.657571182053543e-001, 0.000000000000000e+000, 0.000000000000000e+000, 5.924593348756932e+004, 0.000000000000000e+000, 2.369837339502772e+004, 3.106447208515075e+002, 0.000000000000000e+000, -1.045376462326426e+000, 1.895855370604779e-005, 6.145751323228975e-003, 2.647955239102723e-003, -1.771249535444939e+003, 2.860172947816101e+000, 0.000000000000000e+000
2625, 2.291005849838260e-002, 1.943397335708140e-002, 2.628789310337264e-001, 0.000000000000000e+000, 0.000000000000000e+000, 5.859809987598767e+004, 0.000000000000000e+000, 2.343923995039506e+004, 3.106119000156561e+002, 0.000000000000000e+000, -1.063339171394851e+000, 1.895702693508014e-005, 6.100726168412505e-003, 2.443732680254887e-003, -1.699823901391193e+003, 2.828562287581955e+000, 0.000000000000000e+000
2651, 2.576607465744020e-002, 2.053830586373810e-002, 2.611010676296099e-001, 0.000000000000000e+000, 0.000000000000000e+000, 5.820610357027614e+004, 0.000000000000000e+000, 2.328244142811045e+004, 3.106348781004111e+002, 0.000000000000000e+000, -1.074208190027895e+000, 1.895809584588090e-005, 6.043665679964613e-003, 2.263639583072919e-003, -1.633482763873483e+003, 2.802235121403034e+000, 0.000000000000000e+000
2677, 2.879580855369570e-002, 2.163846604526040e-002, 2.603996963467269e-001, 0.000000000000000e+000, 0.000000000000000e+000, 5.805965724156391e+004, 0.000000000000000e+000, 2.322386289662556e+004, 3.106878936811514e+002, 0.000000000000000e+000, -1.078268758590206e+000, 1.896056191387699e-005, 5.991195337491941e-003, 2.113957218705115e-003, -1.580361501672461e+003, 2.784378811383211e+000, 0.000000000000000e+000
2703, 3.199326992034910e-002, 2.273553423583510e-002, 2.601170331315915e-001, 0.000000000000000e+000, 0.000000000000000e+000, 5.802057438597524e+004, 0.000000000000000e+000, 2.320822975439009e+004, 3.108161442823855e+002, 0.000000000000000e+000, -1.079352422592740e+000, 1.896652675188624e-005, 5.896012550939056e-003, 1.963227297385206e-003, -1.520316857530096e+003, 2.758507612159299e+000, 0.000000000000000e+000
2729, 3.537228703498840e-002, 2.382827177643780e-002, 2.608232044456684e-001, 0.000000000000000e+000, 0.000000000000000e+000, 5.820862872621662e+004, 0.000000000000000e+000, 2.328345149048664e+004, 3.109792978635024e+002, 0.000000000000000e+000, -1.074138174146193e+000, 1.897411315226734e-005, 5.773847292315165e-003, 1.821820989038643e-003, -1.440022051281159e+003, 2.732466096574255e+000, 0.000000000000000e+000
2755, 3.891497850418090e-002, 2.491953969001770e-002, 2.629067753571969e-001, 0.000000000000000e+000, 0.000000000000000e+000, 5.870112880808193e+004, 0.000000000000000e+000, 2.348045152323276e+004, 3.111250725607297e+002, 0.000000000000000e+000, -1.060482452169800e+000, 1.898088980478395e-005, 5.679640089855197e-003, 1.720075256090896e-003, -1.374118624899630e+003, 2.721235809506187e+000, 0.000000000000000e+000
2781, 4.259017109870910e-002, 2.601420320570470e-002, 2.642724738376483e-001, 0.000000000000000e+000, 0.000000000000000e+000, 5.902773987984208e+004, 0.000000000000000e+000, 2.361109595193683e+004, 3.112393941732346e+002, 0.000000000000000e+000, -1.051426392780984e+000, 1.898620320009158e-005, 5.624440518292370e-003, 1.630029465516797e-003, -1.337171009189042e+003, 2.715259573413590e+000, 0.000000000000000e+000
2807, 4.645630717277530e-002, 2.710510604083540e-002, 2.650562780214326e-001, 0.000000000000000e+000, 0.000000000000000e+000, 5.922001296558394e+004, 0.000000000000000e+000, 2.368800518623357e+004, 3.113298336165707e+002, 0.000000000000000e+000, -1.046095169702828e+000, 1.899040592920168e-005, 5.580553931808633e-003, 1.540793047283639e-003, -1.302837797884407e+003, 2.708209898285903e+000, 0.000000000000000e+000
2833, 5.049252510070800e-002, 2.819604612886910e-002, 2.664367002478417e-001, 0.000000000000000e+000, 0.000000000000000e+000, 5.954566844160907e+004, 0.000000000000000e+000, 2.381826737664362e+004, 3.114199747286541e+002, 0.000000000000000e+000, -1.037065606451089e+000, 1.899459419729197e-005, 5.524779391810708e-003, 1.463360959202190e-003, -1.264487763327745e+003, 2.701853856339794e+000, 0.000000000000000e+000
2859, 5.469727516174320e-002, 2.928791008889680e-002, 2.677293882855715e-001, 0.000000000000000e+000, 0.000000000000000e+000, 5.985573817917408e+004, 0.000000000000000e+000, 2.394229527166963e+004, 3.115301484831674e+002, 0.000000000000000e+000, -1.028468194419310e+000, 1.899971244145105e-005, 5.456528040211590e-003, 1.384467496106317e-003, -1.226673525411221e+003, 2.691709140885770e+000, 0.000000000000000e+000
2885, 5.909299850463870e-002, 3.037821687757970e-002, 2.693886319588038e-001, 0.000000000000000e+000, 0.000000000000000e+000, 6.025161769288825e+004, 0.000000000000000e+000, 2.410064707715530e+004, 3.116590794717658e+002, 0.000000000000000e+000, -1.017491504720182e+000, 1.900570094300265e-005, 5.368119297562814e-003, 1.307565794827667e-003, -1.179137148951081e+003, 2.678092862705059e+000, 0.000000000000000e+000
2911, 6.365954875946039e-002, 3.147093951702120e-002, 2.715523074938774e-001, 0.000000000000000e+000, 0.000000000000000e+000, 6.076104677867846e+004, 0.000000000000000e+000, 2.430441871147138e+004, 3.117899312873599e+002, 0.000000000000000e+000, -1.003366386332604e+000, 1.901177741561274e-005, 5.281459811222420e-003, 1.245047057386371e-003, -1.137379216891644e+003, 2.667336137682688e+000, 0.000000000000000e+000
2937, 6.838649511337280e-002, 3.256905823946000e-002, 2.730406115950895e-001, 0.000000000000000e+000, 0.000000000000000e+000, 6.110983832137804e+004, 0.000000000000000e+000, 2.444393532855121e+004, 3.118704473793394e+002, 0.000000000000000e+000, -9.936953212704757e-001, 1.901551578346860e-005, 5.235636667412900e-003, 1.189157790971373e-003, -1.110043741952951e+003, 2.663435129100247e+000, 0.000000000000000e+000
2963, 7.332068681716920e-002, 3.366525098681450e-002, 2.742692402742241e-001, 0.000000000000000e+000, 0.000000000000000e+000, 6.139873563042554e+004, 0.000000000000000e+000, 2.455949425217021e+004, 3.119411443453287e+002, 0.000000000000000e+000, -9.856849645673068e-001, 1.901879785699956e-005, 5.194310125909918e-003, 1.135325771066973e-003, -1.085667676598634e+003, 2.658359210590960e+000, 0.000000000000000e+000
2989, 7.843562960624691e-002, 3.476550802588460e-002, 2.755222647973110e-001, 0.000000000000000e+000, 0.000000000000000e+000, 6.169482580596337e+004, 0.000000000000000e+000, 2.467793032238534e+004, 3.120199617536816e+002, 0.000000000000000e+000, -9.774751687399188e-001, 1.902245648670633e-005, 5.137435547620261e-003, 1.083636768703501e-003, -1.060302775708281e+003, 2.650488788446272e+000, 0.000000000000000e+000
3015, 8.375442028045650e-002, 3.586603328585620e-002, 2.763461289157362e-001, 0.000000000000000e+000, 0.000000000000000e+000, 6.189035343922523e+004, 0.000000000000000e+000, 2.475614137569009e+004, 3.120756718485933e+002, 0.000000000000000e+000, -9.720537056846974e-001, 1.902504222234577e-005, 5.103290509445055e-003, 1.036196998686297e-003, -1.043575572713629e+003, 2.645361805633772e+000, 0.000000000000000e+000
3041, 8.928063511848450e-002, 3.696753084659580e-002, 2.768787277640996e-001, 0.000000000000000e+000, 0.000000000000000e+000, 6.201825753933554e+004, 0.000000000000000e+000, 2.480730301573421e+004, 3.121190713279271e+002, 0.000000000000000e+000, -9.685072639782677e-001, 1.902705641402109e-005, 5.079047629942390e-003, 9.938437974547330e-004, -1.034865605874890e+003, 2.641262501718420e+000, 0.000000000000000e+000
3067, 9.501701593399051e-002, 3.806984424591060e-002, 2.767888282097727e-001, 0.000000000000000e+000, 0.000000000000000e+000, 6.199823006921698e+004, 0.000000000000000e+000, 2.479929202768678e+004, 3.121196210425074e+002, 0.000000000000000e+000, -9.690625726450072e-001, 1.902708192566719e-005, 5.076724065506855e-003, 9.507587264442225e-004, -1.027666503730213e+003, 2.640326318673038e+000, 0.000000000000000e+000
3093, 1.010102331638340e-001, 3.916422650218010e-002, 2.768654347423416e-001, 0.000000000000000e+000, 0.000000000000000e+000, 6.201690362274100e+004, 0.000000000000000e+000, 2.480676144909639e+004, 3.121272427889302e+002, 0.000000000000000e+000, -9.685448044970922e-001, 1.902743564021554e-005, 5.056700324832064e-003, 9.097395214191817e-004, -1.014340845696826e+003, 2.634903640706467e+000, 0.000000000000000e+000
3119, 1.072062253952030e-001, 4.026277735829350e-002, 2.768736251481738e-001, 0.000000000000000e+000, 0.000000000000000e+000, 6.202204680211452e+004, 0.000000000000000e+000, 2.480881872084580e+004, 3.121438940576261e+002, 0.000000000000000e+000, -9.684021977642494e-001, 1.902820838742180e-005, 5.027034235407867e-003, 8.695726008310049e-004, -1.001403071081836e+003, 2.627729419590853e+000, 0.000000000000000e+000
3145, 1.136637628078460e-001, 4.135302454233170e-002, 2.766891295843462e-001, 0.000000000000000e+000, 0.000000000000000e+000, 6.198591301743437e+004, 0.000000000000000e+000, 2.479436520697374e+004, 3.121700557777861e+002, 0.000000000000000e+000, -9.694040918465370e-001, 1.902942245189170e-005, 4.992707403332288e-003, 8.272421139675729e-004, -9.862561304454367e+002, 2.617572707934824e+000, 0.000000000000000e+000
3171, 1.203565001487730e-001, 4.244164749979970e-002, 2.768552499355172e-001, 0.000000000000000e+000, 0.000000000000000e+000, 6.203114212658766e+004, 0.000000000000000e+000, 2.481245685063506e+004, 3.122103893095199e+002, 0.000000000000000e+000, -9.681500085223312e-001, 1.903129407731569e-005, 4.948184746318670e-003, 7.923743965282901e-004, -9.702491601099267e+002, 2.605623471129504e+000, 0.000000000000000e+000
3197, 1.272729039192200e-001, 4.353231564164160e-002, 2.763617261516979e-001, 0.000000000000000e+000, 0.000000000000000e+000, 6.192159066038197e+004, 0.000000000000000e+000, 2.476863626415278e+004, 3.122155605477364e+002, 0.000000000000000e+000, -9.711875803313452e-001, 1.903153403333419e-005, 4.937460514523136e-003, 7.623615233925698e-004, -9.696458820352418e+002, 2.600612831541231e+000, 0.000000000000000e+000
3223, 1.344466507434840e-001, 4.461721703410150e-002, 2.749131387264851e-001, 0.000000000000000e+000, 0.000000000000000e+000, 6.158403187365518e+004, 0.000000000000000e+000, 2.463361274946207e+004, 3.121497266057216e+002, 0.000000000000000e+000, -9.805471908409948e-001, 1.902847905780872e-005, 4.969153917782564e-003, 7.321967142807424e-004, -9.770139589769512e+002, 2.602049650191522e+000, 0.000000000000000e+000
3249, 1.419069468975070e-001, 4.568861797451970e-002, 2.731821566100862e-001, 0.000000000000000e+000, 0.000000000000000e+000, 6.118259255578095e+004, 0.000000000000000e+000, 2.447303702231238e+004, 3.120799611909948e+002, 0.000000000000000e+000, -9.916780391740978e-001, 1.902524129902504e-005, 4.991229950737385e-003, 6.988439420154203e-004, -9.818195178729194e+002, 2.599707462607189e+000, 0.000000000000000e+000
3275, 1.496536135673520e-001, 4.674641042947770e-002, 2.716063250924879e-001, 0.000000000000000e+000, 0.000000000000000e+000, 6.082011892829249e+004, 0.000000000000000e+000, 2.432804757131699e+004, 3.120309851135789e+002, 0.000000000000000e+000, -1.001728472185216e+000, 1.902296814440856e-005, 4.991634335252666e-003, 6.654992982161248e-004, -9.816885568380682e+002, 2.592574339369724e+000, 0.000000000000000e+000
3301, 1.576814949512480e-001, 4.779172688722610e-002, 2.700407003959888e-001, 0.000000000000000e+000, 0.000000000000000e+000, 6.046623631849122e+004, 0.000000000000000e+000, 2.418649452739648e+004, 3.120139761578060e+002, 0.000000000000000e+000, -1.011540699045004e+000, 1.902217865695683e-005, 4.963646554677986e-003, 6.267944811119556e-004, -9.709727915185306e+002, 2.577161728295319e+000, 0.000000000000000e+000
3327, 1.660248339176180e-001, 4.881371930241580e-002, 2.691404015827523e-001, 0.000000000000000e+000, 0.000000000000000e+000, 6.026259321792025e+004, 0.000000000000000e+000, 2.410503728716810e+004, 3.120033498162283e+002, 0.000000000000000e+000, -1.017187182499941e+000, 1.902168541408450e-005, 4.925340795880871e-003, 5.927872444515114e-004, -9.492258782566062e+002, 2.562958944766755e+000, 0.000000000000000e+000
3353, 1.746245622634890e-001, 4.983090236783030e-002, 2.688719966353850e-001, 0.000000000000000e+000, 0.000000000000000e+000, 6.020049744449594e+004, 0.000000000000000e+000, 2.408019897779837e+004, 3.119929958077145e+002, 0.000000000000000e+000, -1.018908933721951e+000, 1.902120480414195e-005, 4.891628002291363e-003, 5.662658022707677e-004, -9.264813552845367e+002, 2.552401154805714e+000, 0.000000000000000e+000
3379, 1.835020482540130e-001, 5.083692073822020e-002, 2.686213287817067e-001, 0.000000000000000e+000, 0.000000000000000e+000, 6.014622819042166e+004, 0.000000000000000e+000, 2.405849127616866e+004, 3.120026201586335e+002, 0.000000000000000e+000, -1.020413676305339e+000, 1.902165154526626e-005, 4.846791489231735e-003, 5.378081889493115e-004, -9.033518557639323e+002, 2.539312050698261e+000, 0.000000000000000e+000
3405, 1.926559209823610e-001, 5.183169245719910e-002, 2.686737565802125e-001, 0.000000000000000e+000, 0.000000000000000e+000, 6.016080427237546e+004, 0.000000000000000e+000, 2.406432170895018e+004, 3.120173345903170e+002, 0.000000000000000e+000, -1.020009520184364e+000, 1.902233454359137e-005, 4.802530166619330e-003, 5.136848549174843e-004, -8.815852734648358e+002, 2.527060706552131e+000, 0.000000000000000e+000
3431, 2.020680904388430e-001, 5.282276868820190e-002, 2.686467369272483e-001, 0.000000000000000e+000, 0.000000000000000e+000, 6.015851324149399e+004, 0.000000000000000e+000, 2.406340529659759e+004, 3.120368329505801e+002, 0.000000000000000e+000, -1.020073044398692e+000, 1.902323957263518e-005, 4.760908211876753e-003, 4.889369760382899e-004, -8.642642337160692e+002, 2.515923666337623e+000, 0.000000000000000e+000
3457, 2.117756903171540e-001, 5.379525944590570e-002, 2.685923797546467e-001, 0.000000000000000e+000, 0.000000000000000e+000, 6.015201275374871e+004, 0.000000000000000e+000, 2.406080510149948e+004, 3.120662580493615e+002, 0.000000000000000e+000, -1.020253285695352e+000, 1.902460530498924e-005, 4.717107399051287e-003, 4.648988396972926e-004, -8.497479767101919e+002, 2.503216460500512e+000, 0.000000000000000e+000
3483, 2.217475175857540e-001, 5.476229265332220e-002, 2.682296822130623e-001, 0.000000000000000e+000, 0.000000000000000e+000, 6.007518262813382e+004, 0.000000000000000e+000, 2.403007305125352e+004, 3.120891003599566e+002, 0.000000000000000e+000, -1.022383581452532e+000, 1.902566546104576e-005, 4.686931608570729e-003, 4.419078961589474e-004, -8.445092906060679e+002, 2.493580130830186e+000, 0.000000000000000e+000
3509, 2.320270836353300e-001, 5.570466443896290e-002, 2.671782120818797e-001, 0.000000000000000e+000, 0.000000000000000e+000, 5.983572485691117e+004, 0.000000000000000e+000, 2.393428994276446e+004, 3.120684427818780e+002, 0.000000000000000e+000, -1.029023110803509e+000, 1.902470670432595e-005, 4.689571287990457e-003, 4.185865800020656e-004, -8.488375638284332e+002, 2.488576681961571e+000, 0.000000000000000e+000
3535, 2.426079511642460e-001, 5.662427470088010e-002, 2.654099349146102e-001, 0.000000000000000e+000, 0.000000000000000e+000, 5.942696920317139e+004, 0.000000000000000e+000, 2.377078768126855e+004, 3.120015436948452e+002, 0.000000000000000e+000, -1.040356821739370e+000, 1.902160157853034e-005, 4.715683429461661e-003, 3.936865589275285e-004, -8.602012209456108e+002, 2.487548794337197e+000, 0.000000000000000e+000
3561, 2.535301446914670e-001, 5.749983713030820e-002, 2.630729365041732e-001, 0.000000000000000e+000, 0.000000000000000e+000, 5.888670482314212e+004, 0.000000000000000e+000, 2.355468192925685e+004, 3.119115212729350e+002, 0.000000000000000e+000, -1.055336921112117e+000, 1.901742266430404e-005, 4.748577783875363e-003, 3.643101305559415e-004, -8.728045800280679e+002, 2.485426971153072e+000, 0.000000000000000e+000
3587, 2.647941112518310e-001, 5.832639336586000e-002, 2.608254634222097e-001, 0.000000000000000e+000, 0.000000000000000e+000, 5.837489472526770e+004, 0.000000000000000e+000, 2.334995789010707e+004, 3.118648720575235e+002, 0.000000000000000e+000, -1.069528058654294e+000, 1.901525693618876e-005, 4.738280206096667e-003, 3.304765682628044e-004, -8.716751304528804e+002, 2.471170322741513e+000, 0.000000000000000e+000
3613, 2.764054536819460e-001, 5.909530073404310e-002, 2.593128497922602e-001, 0.000000000000000e+000, 0.000000000000000e+000, 5.803100745115458e+004, 0.000000000000000e+000, 2.321240298046183e+004, 3.118361133446786e+002, 0.000000000000000e+000, -1.079063141346509e+000, 1.901392170989898e-005, 4.704586646716890e-003, 2.989001297010841e-004, -8.549038574378433e+002, 2.455679667879729e+000, 0.000000000000000e+000
3639, 2.883291840553280e-001, 5.982166528701780e-002, 2.587050407143796e-001, 0.000000000000000e+000, 0.000000000000000e+000, 5.788936520387011e+004, 0.000000000000000e+000, 2.315574608154804e+004, 3.118058314055203e+002, 0.000000000000000e+000, -1.082990505463288e+000, 1.901251569686817e-005, 4.674430916973143e-003, 2.738105877323391e-004, -8.320394904057056e+002, 2.444783367876516e+000, 0.000000000000000e+000
3665, 3.005529642105100e-001, 6.050977110862730e-002, 2.584804308985014e-001, 0.000000000000000e+000, 0.000000000000000e+000, 5.783661917389717e+004, 0.000000000000000e+000, 2.313464766955886e+004, 3.117924295134734e+002, 0.000000000000000e+000, -1.084453013079410e+000, 1.901189341556943e-005, 4.637547732178769e-003, 2.504927011853660e-004, -8.092254270926269e+002, 2.433471403065705e+000, 0.000000000000000e+000
3691, 3.130726814270020e-001, 6.115816161036490e-002, 2.582797566019711e-001, 0.000000000000000e+000, 0.000000000000000e+000, 5.779277833707666e+004, 0.000000000000000e+000, 2.311711133483066e+004, 3.117981553224420e+002, 0.000000000000000e+000, -1.085668603291225e+000, 1.901215927992741e-005, 4.595797844740588e-003, 2.279431929967024e-004, -7.913004473475975e+002, 2.421391357777315e+000, 0.000000000000000e+000
3717, 3.258830904960630e-001, 6.176609918475150e-002, 2.578102431564315e-001, 0.000000000000000e+000, 0.000000000000000e+000, 5.768706256691752e+004, 0.000000000000000e+000, 2.307482502676700e+004, 3.117946028784550e+002, 0.000000000000000e+000, -1.088599821414775e+000, 1.901199433090009e-005, 4.569981196687666e-003, 2.050014159002950e-004, -7.811922420488000e+002, 2.412354750209706e+000, 0.000000000000000e+000
3743, 3.389919400215150e-001, 6.232085451483730e-002, 2.570840989741723e-001, 0.000000000000000e+000, 0.000000000000000e+000, 5.752189145065530e+004, 0.000000000000000e+000, 2.300875658026212e+004, 3.117800189471968e+002, 0.000000000000000e+000, -1.093179578708753e+000, 1.901131715211417e-005, 4.553075882480725e-003, 1.815490925750162e-004, -7.750468550209846e+002, 2.404864693513706e+000, 0.000000000000000e+000
3769, 3.523894548416140e-001, 6.282301247119899e-002, 2.561430759112848e-001, 0.000000000000000e+000, 0.000000000000000e+000, 5.730744775307321e+004, 0.000000000000000e+000, 2.292297910122928e+004, 3.117588446199326e+002, 0.000000000000000e+000, -1.099125534093532e+000, 1.901033393232101e-005, 4.542257712114873e-003, 1.586889278681133e-004, -7.730317935471703e+002, 2.397829240688315e+000, 0.000000000000000e+000
3795, 3.660713136196140e-001, 6.326690316200261e-002, 2.548044128010127e-001, 0.000000000000000e+000, 0.000000000000000e+000, 5.699923720837952e+004, 0.000000000000000e+000, 2.279969488335180e+004, 3.117112203374793e+002, 0.000000000000000e+000, -1.107671395634487e+000, 1.900812240138716e-005, 4.548270802359683e-003, 1.337341002167348e-004, -7.747319311103761e+002, 2.392790982648397e+000, 0.000000000000000e+000
3821, 3.800389170646670e-001, 6.363599747419360e-002, 2.532673331204097e-001, 0.000000000000000e+000, 0.000000000000000e+000, 5.664665441342878e+004, 0.000000000000000e+000, 2.265866176537151e+004, 3.116631275931875e+002, 0.000000000000000e+000, -1.117447582073424e+000, 1.900588894773855e-005, 4.549817416427103e-003, 1.059822183865540e-004, -7.743505722721444e+002, 2.385568566529042e+000, 0.000000000000000e+000
3847, 3.942807912826540e-001, 6.392400711774830e-002, 2.520319171685631e-001, 0.000000000000000e+000, 0.000000000000000e+000, 5.636246964897113e+004, 0.000000000000000e+000, 2.254498785958845e+004, 3.116196303237321e+002, 0.000000000000000e+000, -1.125327272404971e+000, 1.900386876442863e-005, 4.539283131120322e-003, 8.025256105801656e-005, -7.677511844054777e+002, 2.376863560786626e+000, 0.000000000000000e+000
3873, 4.087766110897060e-001, 6.414406746625900e-002, 2.509696296971782e-001, 0.000000000000000e+000, 0.000000000000000e+000, 5.611877025877874e+004, 0.000000000000000e+000, 2.244750810351149e+004, 3.115855526444051e+002, 0.000000000000000e+000, -1.132084410608238e+000, 1.900228596679178e-005, 4.518429441313826e-003, 5.588860630263154e-005, -7.594649374731146e+002, 2.367913184919799e+000, 0.000000000000000e+000
3899, 4.235162138938900e-001, 6.428562104702000e-002, 2.498256688456368e-001, 0.000000000000000e+000, 0.000000000000000e+000, 5.585803612840956e+004, 0.000000000000000e+000, 2.234321445136382e+004, 3.115580237730767e+002, 0.000000000000000e+000, -1.139313877008717e+000, 1.900100727784392e-005, 4.500919358607043e-003, 3.130677201426956e-005, -7.550349599103431e+002, 2.357966019926399e+000, 0.000000000000000e+000
3925, 4.384851455688480e-001, 6.435070931911470e-002, 2.484608203476524e-001, 0.000000000000000e+000, 0.000000000000000e+000, 5.554667079690206e+004, 0.000000000000000e+000, 2.221866831876082e+004, 3.115232437697353e+002, 0.000000000000000e+000, -1.147947212426754e+000, 1.899939170147669e-005, 4.491680074845362e-003, 6.034656350516967e-006, -7.563850015308424e+002, 2.349197908748174e+000, 0.000000000000000e+000
3951, 4.536674916744230e-001, 6.432612985372541e-002, 2.467866856765803e-001, 0.000000000000000e+000, 0.000000000000000e+000, 5.516422289740460e+004, 0.000000000000000e+000, 2.206568915896184e+004, 3.114770951299991e+002, 0.000000000000000e+000, -1.158551479062026e+000, 1.899724790017285e-005, 4.487917657715643e-003, -2.379297443207775e-005, -7.631557940739302e+002, 2.340602366877468e+000, 0.000000000000000e+000
3977, 4.690417945384980e-001, 6.418871134519580e-002, 2.449917299318707e-001, 0.000000000000000e+000, 0.000000000000000e+000, 5.476147290752040e+004, 0.000000000000000e+000, 2.190458916300815e+004, 3.114684294861440e+002, 0.000000000000000e+000, -1.169718668856236e+000, 1.899684532660003e-005, 4.469364955335348e-003, -5.366939105467686e-005, -7.824497586895302e+002, 2.327466658915766e+000, 0.000000000000000e+000
4003, 4.845884144306180e-001, 6.395482271909710e-002, 2.427820852300069e-001, 0.000000000000000e+000, 0.000000000000000e+000, 5.428414490354082e+004, 0.000000000000000e+000, 2.171365796141632e+004, 3.115635908361004e+002, 0.000000000000000e+000, -1.182953709324056e+000, 1.900126586691987e-005, 4.431260043609830e-003, -8.280921249604832e-005, -8.341143615324881e+002, 2.306903428736244e+000, 0.000000000000000e+000
4029, 5.002762079238890e-001, 6.360501796007161e-002, 2.395213976285201e-001, 0.000000000000000e+000, 0.000000000000000e+000, 5.362267873157851e+004, 0.000000000000000e+000, 2.144907149263140e+004, 3.119568489613527e+002, 0.000000000000000e+000, -1.201294413160887e+000, 1.901952688674669e-005, 4.218595250373017e-003, -1.100426982339418e-004, -8.625725789645611e+002, 2.234147195624055e+000, 0.000000000000000e+000
4055, 5.160748958587650e-001, 6.313349306583400e-002, 2.406489250873632e-001, 0.000000000000000e+000, 0.000000000000000e+000, 5.402413033702065e+004, 0.000000000000000e+000, 2.160965213480826e+004, 3.128197718672483e+002, 0.000000000000000e+000, -1.190163224126092e+000, 1.905955721394029e-005, 3.604667792241091e-003, -1.206271848460416e-004, -7.329643877974642e+002, 2.066252399798566e+000, 0.000000000000000e+000
4081, 5.319590568542480e-001, 6.254477798938750e-002, 2.549610918457569e-001, 0.000000000000000e+000, 0.000000000000000e+000, 5.744587170650127e+004, 0.000000000000000e+000, 2.297834868260051e+004, 3.139606722504574e+002, 0.000000000000000e+000, -1.095287404735811e+000, 1.911239929435016e-005, 2.485917857348030e-003, -1.017997810856595e-004, -3.803740076632366e+002, 1.761087750748834e+000, 0.000000000000000e+000
4107, 5.478921532630920e-001, 6.183055788278580e-002, 2.930210725191006e-001, 0.000000000000000e+000, 0.000000000000000e+000, 6.619798514257823e+004, 0.000000000000000e+000, 2.647919405703128e+004, 3.148011093219484e+002, 0.000000000000000e+000, -8.526144952486377e-001, 1.915126455104637e-005, 1.464477400856368e-003, -7.180751800482298e-005, -6.621926666073560e+001, 1.446751313613823e+000, 0.000000000000000e+000
4133, 5.638301968574519e-001, 6.098204478621480e-002, 3.305522413640534e-001, 0.000000000000000e+000, 0.000000000000000e+000, 7.487258606928894e+004, 0.000000000000000e+000, 2.994903442771557e+004, 3.156262126648370e+002, 0.000000000000000e+000, -6.120908022115181e-001, 1.918937094143301e-005, 9.098398744401217e-004, -5.234715696793253e-005, -2.094323345582407e+001, 1.209328812663659e+000, 0.000000000000000e+000
4159, 5.797371864318850e-001, 5.999837070703510e-002, 3.439731451694003e-001, 0.000000000000000e+000, 0.000000000000000e+000, 7.796194561637430e+004, 0.000000000000000e+000, 3.118477824654971e+004, 3.158264276609103e+002, 0.000000000000000e+000, -5.264310498307002e-001, 1.919861020955119e-005, 1.139444852948921e-003, -7.450375157325487e-005, -3.711580251172457e+001, 1.380207085505845e+000, 0.000000000000000e+000
4185, 5.956164002418520e-001, 5.890367180109020e-002, 3.461458907307373e-001, 0.000000000000000e+000, 0.000000000000000e+000, 7.844018459131905e+004, 0.000000000000000e+000, 3.137607383652761e+004, 3.157691974989045e+002, 0.000000000000000e+000, -5.131707505524012e-001, 1.919596951978961e-005, 1.488211440830116e-003, -1.077858898070735e-004, -7.094153248258336e+001, 1.582969147169189e+000, 0.000000000000000e+000
4211, 6.114472150802610e-001, 5.770172551274300e-002, 3.471555541393576e-001, 0.000000000000000e+000, 0.000000000000000e+000, 7.864906129242893e+004, 0.000000000000000e+000, 3.145962451697157e+004, 3.156892273798003e+002, 0.000000000000000e+000, -5.073791532253511e-001, 1.919227917671964e-005, 1.704663918938700e-003, -1.358955254322527e-004, -9.761380940049585e+001, 1.698239089339334e+000, 0.000000000000000e+000
4237, 6.271871328353880e-001, 5.638685822486880e-002, 3.502423990334206e-001, 0.000000000000000e+000, 0.000000000000000e+000, 7.933439453966865e+004, 0.000000000000000e+000, 3.173375781586745e+004, 3.156335277203943e+002, 0.000000000000000e+000, -4.883766786469937e-001, 1.918970855828214e-005, 1.804180041721255e-003, -1.572900933526692e-004, -1.037442022319550e+002, 1.755828730257417e+000, 0.000000000000000e+000
4263, 6.428214907646180e-001, 5.496648699045180e-002, 3.545553460976596e-001, 0.000000000000000e+000, 0.000000000000000e+000, 8.030610328747804e+004, 0.000000000000000e+000, 3.212244131499121e+004, 3.156129768358861e+002, 0.000000000000000e+000, -4.614337704309022e-001, 1.918876004918972e-005, 1.848297746084040e-003, -1.720687426594281e-004, -1.029954283848227e+002, 1.788885909246765e+000, 0.000000000000000e+000
4289, 6.584149599075320e-001, 5.347967892885210e-002, 3.583980176971520e-001, 0.000000000000000e+000, 0.000000000000000e+000, 8.117942781689005e+004, 0.000000000000000e+000, 3.247177112675601e+004, 3.156245117535595e+002, 0.000000000000000e+000, -4.372187958391282e-001, 1.918929243753766e-005, 1.861450291722999e-003, -1.871294384474572e-004, -1.022406000259909e+002, 1.805237473845671e+000, 0.000000000000000e+000
4315, 6.737585067749020e-001, 5.185642465949060e-002, 3.619150107065301e-001, 0.000000000000000e+000, 0.000000000000000e+000, 8.198750069885090e+004, 0.000000000000000e+000, 3.279500027954035e+004, 3.156686028374426e+002, 0.000000000000000e+000, -4.148130764919822e-001, 1.919132735089203e-005, 1.827777160478884e-003, -2.010354566991163e-004, -9.553947192930212e+001, 1.799044915085302e+000, 0.000000000000000e+000
4341, 6.888993382453920e-001, 5.012673139572140e-002, 3.668161790995277e-001, 0.000000000000000e+000, 0.000000000000000e+000, 8.311275168305649e+004, 0.000000000000000e+000, 3.324510067322259e+004, 3.157253947771198e+002, 0.000000000000000e+000, -3.836128490000866e-001, 1.919394823358063e-005, 1.792194716160433e-003, -2.013276004925852e-004, -8.842193069220257e+001, 1.794507025943175e+000, 0.000000000000000e+000
4367, 7.042160034179690e-001, 4.843495786190030e-002, 3.710414185165590e-001, 0.000000000000000e+000, 0.000000000000000e+000, 8.408657222318905e+004, 0.000000000000000e+000, 3.363462888927561e+004, 3.157872519082869e+002, 0.000000000000000e+000, -3.566113863798456e-001, 1.919680260417580e-005, 1.774618862008171e-003, -2.020394229212974e-004, -8.933748987527387e+001, 1.795825735883972e+000, 0.000000000000000e+000
4393, 7.193410396575930e-001, 4.666095972061160e-002, 3.737031900709470e-001, 0.000000000000000e+000, 0.000000000000000e+000, 8.470376505521611e+004, 0.000000000000000e+000, 3.388150602208643e+004, 3.158393567395041e+002, 0.000000000000000e+000, -3.394982649199199e-001, 1.919920674486556e-005, 1.744817705770161e-003, -2.145346079153388e-004, -8.579859670917851e+001, 1.787697121386680e+000, 0.000000000000000e+000
4419, 7.341139912605290e-001, 4.475884139537810e-002, 3.779551442466418e-001, 0.000000000000000e+000, 0.000000000000000e+000, 8.568282151730840e+004, 0.000000000000000e+000, 3.427312860692335e+004, 3.158957878980986e+002, 0.000000000000000e+000, -3.123516240607201e-001, 1.920181028334496e-005, 1.696242774134251e-003, -2.164608328978553e-004, -7.626532065608782e+001, 1.773456937820071e+000, 0.000000000000000e+000
4445, 7.489700317382810e-001, 4.287994652986530e-002, 3.824457487500267e-001, 0.000000000000000e+000, 0.000000000000000e+000, 8.671995117645025e+004, 0.000000000000000e+000, 3.468798047058009e+004, 3.159653971719583e+002, 0.000000000000000e+000, -2.835947673611791e-001, 1.920502149808196e-005, 1.649967000772684e-003, -2.124118529416337e-004, -7.191695602424987e+001, 1.760469776348342e+000, 0.000000000000000e+000
4471, 7.636658549308780e-001, 4.095442220568660e-002, 3.855320266542142e-001, 0.000000000000000e+000, 0.000000000000000e+000, 8.743625396209105e+004, 0.000000000000000e+000, 3.497450158483642e+004, 3.160249841078526e+002, 0.000000000000000e+000, -2.637335895628322e-001, 1.920777008480382e-005, 1.609280329443509e-003, -2.179428662408789e-004, -6.745282113469506e+001, 1.746202712075879e+000, 0.000000000000000e+000
4497, 7.780403494834900e-001, 3.894298896193500e-002, 3.893432617372140e-001, 0.000000000000000e+000, 0.000000000000000e+000, 8.831908610220969e+004, 0.000000000000000e+000, 3.532763444088386e+004, 3.160910799110893e+002, 0.000000000000000e+000, -2.392549941245855e-001, 1.921081860881666e-005, 1.547814020531729e-003, -2.188996700892405e-004, -5.917477782031636e+001, 1.721515231376093e+000, 0.000000000000000e+000
4523, 7.922744154930110e-001, 3.690845519304280e-002, 3.936344739269759e-001, 0.000000000000000e+000, 0.000000000000000e+000, 8.931297054050956e+004, 0.000000000000000e+000, 3.572518821620382e+004, 3.161635100930444e+002, 0.000000000000000e+000, -2.116972127843601e-001, 1.921415893059357e-005, 1.482402234176426e-003, -2.146279203745298e-004, -5.159851201096055e+001, 1.694109647580697e+000, 0.000000000000000e+000
4549, 8.063289523124690e-001, 3.484725579619410e-002, 3.974471302251553e-001, 0.000000000000000e+000, 0.000000000000000e+000, 9.019873946456824e+004, 0.000000000000000e+000, 3.607949578582729e+004, 3.162360956361454e+002, 0.000000000000000e+000, -1.871371881109374e-001, 1.921750603807313e-005, 1.418262367701728e-003, -2.116855212664778e-004, -4.533580429333743e+001, 1.666014024913280e+000, 0.000000000000000e+000
4575, 8.201366662979130e-001, 3.274982050061230e-002, 4.012288456111289e-001, 0.000000000000000e+000, 0.000000000000000e+000, 9.107932467041494e+004, 0.000000000000000e+000, 3.643172986816597e+004, 3.163136911805856e+002, 0.000000000000000e+000, -1.627208942049063e-001, 1.922108374998931e-005, 1.344833164944396e-003, -2.076125328651264e-004, -3.880918437830206e+001, 1.630529967394623e+000, 0.000000000000000e+000
4601, 8.336892127990720e-001, 3.062343597412110e-002, 4.052431149959409e-001, 0.000000000000000e+000, 0.000000000000000e+000, 9.201380849978418e+004, 0.000000000000000e+000, 3.680552339991366e+004, 3.163936060916247e+002, 0.000000000000000e+000, -1.368101343183894e-001, 1.922476794815066e-005, 1.267598117032303e-003, -2.001912866050937e-004, -3.247612810430969e+001, 1.591808210111493e+000, 0.000000000000000e+000
4627, 8.470668792724610e-001, 2.849674224853520e-002, 4.091341115160299e-001, 0.000000000000000e+000, 0.000000000000000e+000, 9.292083153810707e+004, 0.000000000000000e+000, 3.716833261524282e+004, 3.164737797224758e+002, 0.000000000000000e+000, -1.116607893870952e-001, 1.922846361170502e-005, 1.192788390900445e-003, -1.918612931564263e-004, -2.745452617351719e+001, 1.551315977510007e+000, 0.000000000000000e+000
4653, 8.601957559585570e-001, 2.635983005166050e-002, 4.127636633023529e-001, 0.000000000000000e+000, 0.000000000000000e+000, 9.376838220288216e+004, 0.000000000000000e+000, 3.750735288115286e+004, 3.165521747943562e+002, 0.000000000000000e+000, -8.816045575214242e-002, 1.923207684394509e-005, 1.115222741153424e-003, -1.841366455923158e-004, -2.259471165758833e+001, 1.507662497461287e+000, 0.000000000000000e+000
4679, 8.730279207229610e-001, 2.421026304364200e-002, 4.164673414650201e-001, 0.000000000000000e+000, 0.000000000000000e+000, 9.463331873672643e+004, 0.000000000000000e+000, 3.785332749469057e+004, 3.166310177423382e+002, 0.000000000000000e+000, -6.417805804640342e-002, 1.923571027286354e-005, 1.031495348673202e-003, -1.745781081427779e-004, -1.756690672472300e+001, 1.457213237597245e+000, 0.000000000000000e+000
4705, 8.855857253074650e-001, 2.206263877451420e-002, 4.202170907249134e-001, 0.000000000000000e+000, 0.000000000000000e+000, 9.550911092229237e+004, 0.000000000000000e+000, 3.820364436891694e+004, 3.167097454703792e+002, 0.000000000000000e+000, -3.989466188961404e-002, 1.923933794583650e-005, 9.462867463750239e-004, -1.631427571327143e-004, -1.315062357955145e+001, 1.401869873858854e+000, 0.000000000000000e+000
4731, 8.978731632232670e-001, 1.992686651647090e-002, 4.237457316819098e-001, 0.000000000000000e+000, 0.000000000000000e+000, 9.633439692253986e+004, 0.000000000000000e+000, 3.853375876901593e+004, 3.167862937545385e+002, 0.000000000000000e+000, -1.701166839303278e-002, 1.924286476551419e-005, 8.598662361052292e-004, -1.515363795014248e-004, -9.193333356627818e+000, 1.342652002479197e+000, 0.000000000000000e+000
4757, 9.098071455955510e-001, 1.779403723776340e-002, 4.272282433605380e-001, 0.000000000000000e+000, 0.000000000000000e+000, 9.714916792918905e+004, 0.000000000000000e+000, 3.885966717167561e+004, 3.168614946304215e+002, 0.000000000000000e+000, 5.579772199398499e-003, 1.924632909573240e-005, 7.710906560014095e-004, -1.386932772297512e-004, -5.646025284617374e+000, 1.277598271794749e+000, 0.000000000000000e+000
4783, 9.214465022087100e-001, 1.568681560456750e-002, 4.306655027158096e-001, 0.000000000000000e+000, 0.000000000000000e+000, 9.795340208142974e+004, 0.000000000000000e+000, 3.918136083257189e+004, 3.169346888487256e+002, 0.000000000000000e+000, 2.787905374535178e-002, 1.924970059363098e-005, 6.840743235652757e-004, -1.252320628641160e-004, -2.841387427785552e+000, 1.207916779840832e+000, 0.000000000000000e+000
4809, 9.327191114425660e-001, 1.359959132969380e-002, 4.338502260398608e-001, 0.000000000000000e+000, 0.000000000000000e+000, 9.869949200467492e+004, 0.000000000000000e+000, 3.947979680186995e+004, 3.170044990840839e+002, 0.000000000000000e+000, 4.856614992336045e-002, 1.925291585872631e-005, 5.979943454367486e-004, -1.121489429990533e-004, -4.718722959113405e-001, 1.134317820200272e+000, 0.000000000000000e+000
4835, 9.435870051383970e-001, 1.153454557061200e-002, 4.369827026388253e-001, 0.000000000000000e+000, 0.000000000000000e+000, 9.943313671980031e+004, 0.000000000000000e+000, 3.977325468792012e+004, 3.170715167798576e+002, 0.000000000000000e+000, 6.890817346426817e-002, 1.925600217793672e-005, 5.133222310907479e-004, -9.845814858552822e-005, 1.563032155041031e+000, 1.055406032032728e+000, 0.000000000000000e+000
4861, 9.540644884109500e-001, 9.505425579845911e-003, 4.399289996759682e-001, 0.000000000000000e+000, 0.000000000000000e+000, 1.001234663723978e+005, 0.000000000000000e+000, 4.004938654895913e+004, 3.171345966201104e+002, 0.000000000000000e+000, 8.804918512101392e-002, 1.925890685521658e-005, 4.351256343085449e-004, -8.478046314091678e-005, 3.414038627881260e+000, 9.747794870641976e-001, 0.000000000000000e+000
4887, 9.641631841659550e-001, 7.525455206632610e-003, 4.427165171844412e-001, 0.000000000000000e+000, 0.000000000000000e+000, 1.007755258367652e+005, 0.000000000000000e+000, 4.031021033470607e+004, 3.171901441667696e+002, 0.000000000000000e+000, 1.061290658872307e-001, 1.926146445170537e-005, 3.697316571681514e-004, -7.280705124893767e-005, 5.534742815389849e+000, 9.022461084122196e-001, 0.000000000000000e+000
4913, 9.738758206367490e-001, 5.604205187410120e-003, 4.451060224409195e-001, 0.000000000000000e+000, 0.000000000000000e+000, 1.013305747032319e+005, 0.000000000000000e+000, 4.053222988129277e+004, 3.172249750826489e+002, 0.000000000000000e+000, 1.215190998849413e-001, 1.926306807164323e-005, 3.285187217113168e-004, -6.588994839685257e-005, 9.220503521347759e+000, 8.525763091872637e-001, 0.000000000000000e+000
4939, 9.830872416496280e-001, 3.729917574673890e-003, 4.476006873266559e-001, 0.000000000000000e+000, 0.000000000000000e+000, 1.018935288303632e+005, 0.000000000000000e+000, 4.075741153214528e+004, 3.172095070987044e+002, 0.000000000000000e+000, 1.371283258092339e-001, 1.926235593437917e-005, 3.459138370142234e-004, -7.080393606578465e-005, 1.524448457157679e+001, 8.781138976764680e-001, 0.000000000000000e+000
4965, 9.918504953384401e-001, 1.925029675476250e-003, 4.492808886568664e-001, 0.000000000000000e+000, 0.000000000000000e+000, 1.022407932386313e+005, 0.000000000000000e+000, 4.089631729545251e+004, 3.171002627019681e+002, 0.000000000000000e+000, 1.467570474810047e-001, 1.925732589501150e-005, 5.092952478990411e-004, -1.072000833020961e-004, 2.117503049909327e+001, 1.068554841552290e+000, 0.000000000000000e+000
4991, 1.000000000000000e+000, 1.699999993434180e-004, 4.558305309646047e-001, 0.000000000000000e+000, 0.000000000000000e+000, 1.036653516740327e+005, 0.000000000000000e+000, 4.146614066961305e+004, 3.168987686102570e+002, 0.000000000000000e+000, 1.862562773274018e-001, 1.924804607103621e-005, 1.455167824198066e-003, 2.214661673751444e-004, -5.872012009070853e+002, 1.811647924497376e+000, 0.000000000000000e+000
